"fecha","puesto","puntos","nombre","id","club","federacion"
"2024-02-12 09:03:33.212309","1","4895.0","GÓMEZ MORALES, NADIA","6002211","E.K.COMILLAS","CNT"
"2024-02-12 09:03:33.212796","2","3102.5","MORALES OZUNA, GEMA","15001573","KARATE CIUDAD DE ROMA","MAD"
"2024-02-12 09:03:33.213184","3","1647.5","PINILLA, ALBA","19003619","GIMNASIO FITNESS GASTEIZ","PVS"
"2024-02-12 09:03:33.213588","4","767.5","VERDES LINDEZ, SOFIA","1003785","C.D. NO-KACHI","AND"
"2024-02-12 09:03:33.213953","5","525.0","VIZUETE OLIVENZA, MIREIA","19005755","GIMNASIO FITNESS GASTEIZ","PVS"
"2024-02-12 09:03:33.214302","6","467.5","BENTAMA-SERROUKH JEBARI, INSAF","4007899","KENKYO","VAL"
"2024-02-12 09:03:33.214678","7","227.5","PESO PALOMARES, PATRICIA","4002497","CLUB DEPORTIVO KYODAI","VAL"
"2024-02-12 09:03:33.215027","8","175.0","RODRÍGUEZ LOREDO, EVA","12002922","SAN FRANCISCO TEO","GAL"
"2024-02-12 09:03:33.215392","8","175.0","EGUILUZ VIGNIOLY, RAQUEL ADRIANA","6005011","BUDOCLUB PARADISO","CNT"
"2024-02-12 09:03:33.215765","10","160.0","DAVALILLO RIVAS, KEYSIL PAOLA","13013296","TOT ESPORT CALVIA","BAL"
"2024-02-12 09:03:33.216121","11","152.5","ROSSO GONÇALVES, SARAY","18004940","CLUB FEDERACIÓN NAVARRA DE KARATE","NAV"
"2024-02-12 09:03:33.216499","12","137.5","CORDERO SUAREZ, LARA","5008229","CLUB DEPORTIVO KINAMIC KARATE","CNR"
"2024-02-12 09:03:33.216870","12","137.5","HERRERO VALCARCE, LUCÍA","12005111","KÁRATE RIVER STONE","GAL"
"2024-02-12 09:03:33.217226","14","132.5","NICOLAE, DANIELA MELANIA","2005379","CLUB FEDERACIÓN ARAGONESA DE KARATE","ARG"
"2024-02-12 09:03:33.217624","15","112.5","ROQUE CALDERÓN, NEREA","13005528","LARA ESCUELA DE ARTES MARCIALES","BAL"
"2024-02-12 09:03:33.217996","16","67.5","SANCHEZ VAZQUEZ, NATALIA","3004092","ARENAS KARATE","AST"
"2024-02-12 09:03:33.218357","17","55.0","MONASTERIO SAMPERIO, MARTINA","6005292","CLUB KIME","CNT"
"2024-02-12 09:03:33.218761","18","52.5","MUÑOZ COLL, CARLOTA","13003767","TOT ESPORT CALVIA","BAL"
"2024-02-12 09:03:33.219126","19","50.0","OTERO CORUJO, PAULA","3004943","REAL GRUPO DE CULTURA COVADONGA","AST"
"2024-02-12 09:03:33.219493","20","47.5","REY DE VIÑAS REDONDO, ALBA","4008392","C.D. KAZOKUSPORT","VAL"
"2024-02-12 09:03:33.219851","21","42.5","YÁNEZ RODRÍGUEZ, CARLA","5008390","CLUB DE KARATE HERMANOS ALEMAN","CNR"
"2024-02-12 09:03:33.220319","22","40.0","GARCÍA BAZ, LEIRE","19005761","SANTA TERESA","PVS"
"2024-02-12 09:03:33.220679","23","37.5","MARTIN RUIZ, NEREA","9005403","CLUB ESPORTIU MEDITERRANI","CAT"
"2024-02-12 09:03:33.220986","23","37.5","GARCIA ROMERO, EMMA","15008920","SEIKEN-DO","MAD"
"2024-02-12 09:03:33.221294","23","37.5","GRANADO ALVAREZ, VIRGINIA","8002015","FUJISAN - PALENCIA","CAL"
"2024-02-12 09:03:33.221658","26","25.0","MARTINEZ SUAREZ, SONIA","8005209","C.D. BUDOKAN VALLADOLID","CAL"
"2024-02-12 09:03:33.222090","27","22.5","GÓMEZ MORALES, LUCÍA","6005274","KARATE ABDO","CNT"
"2024-02-12 09:03:33.222472","27","22.5","CORDERO SANCHEZ, IRENE","3006081","ARENAS KARATE","AST"
"2024-02-12 09:03:33.222792","29","20.0","CASADO SUAREZ, CAROLINA","3007042","KARATE CORVERA","AST"
"2024-02-12 09:03:33.223094","30","17.5","ALVENTOSA MARTIN, EMMA","9005165","KARATE MUSOKEN","CAT"
"2024-02-12 09:03:33.223409","31","12.5","HORCAJUELO PIZARRO, VERONICA","15300004","KARATE ANTONIO MACHADO","MAD"
"2024-02-12 09:03:33.223730","31","12.5","LOPEZ LORES, NADIA","14003730","CLUB FEDERACIÓN RIOJANA DE KARATE","RIO"
"2024-02-12 09:03:33.224049","31","12.5","MARQUEZ LOPEZ, AITANA","1005412","C.D. KARATE FUENGIROLA","AND"
"2024-02-12 09:03:33.224350","31","12.5","DEL RIO MARTINEZ, ISABEL","15007191","C.D.GO-PAI SPORT","MAD"
"2024-02-12 09:03:33.224731","31","12.5","ROSILLO BENITEZ, SONIA","1006162","C.D. BUDOKAN RONDA","AND"
"2024-02-12 09:03:33.225081","31","12.5","LASA ECHEVERRIA, ITZIAR","18002617","CLUB ESCUELA DEPORTIVA DE HUARTE","NAV"
"2024-02-12 09:03:33.225441","37","5.0","HERNANDEZ SANCHEZ-MIGALLON, NOELIA","15001668","TOKYO","MAD"
"2024-02-12 09:03:33.225802","37","5.0","SANZ AGUILAR, PAULA","4007750","CLUB J.VIDAL","VAL"
"2024-02-12 09:03:33.330350","1","4897.5","SECK SAKHO, BABACAR","14002179","SANKUKAI","RIO"
"2024-02-12 09:03:33.330760","2","1637.5","MARTÍNEZ VELILLA, MARCOS","2002381","SOCIEDAD DEPORTIVA SHURIYAMA","ARG"
"2024-02-12 09:03:33.331086","3","882.5","ECHEVARRIA LAVIN, MANUEL","6001432","ESCUELA DE KARATE COLINDRES","CNT"
"2024-02-12 09:03:33.331421","4","587.5","AZIZI, ACHRAF","17010445","KARATE NINTAI","MUR"
"2024-02-12 09:03:33.331746","5","560.0","MARCOS DE LA IGLESIA, SAMUEL","8005859","C.D. BUDOKAN VALLADOLID","CAL"
"2024-02-12 09:03:33.332046","6","467.5","RUIZ DELGADO, ROBERTO","1003795","C.D. NO-KACHI","AND"
"2024-02-12 09:03:33.332339","7","292.5","HERNANDEZ FERMIN, RODRIGO","7003872","KIDOKAN","CLM"
"2024-02-12 09:03:33.332677","7","292.5","GONZALEZ LOZANO, RUBEN","15021504","IVAN LEAL","MAD"
"2024-02-12 09:03:33.332972","9","265.0","RAMOS ARRIBAS, DAVID","3003811","CLUB KARATE WASEDA","AST"
"2024-02-12 09:03:33.334143","10","220.0","CACERES DE TORRES, PEDRO","15001869","TSUKURI","MAD"
"2024-02-12 09:03:33.334598","11","175.0","DEL BARRIO RAMOS, PABLO","6005113","GONZALEZ MACHIN","CNT"
"2024-02-12 09:03:33.335068","12","165.0","RODRIGUEZ MESA, ADRIAN MANUEL","5007887","CLUB DE KARATE HERMANOS ALEMAN","CNR"
"2024-02-12 09:03:33.335436","12","165.0","PLAZA PEÑA, JAVIER","5008380","SUHARI-LANZAROTE","CNR"
"2024-02-12 09:03:33.335754","14","155.0","BLANCO GRANÉS, SERAFÍN","9005422","CLUB NATACIO BARCELONA","CAT"
"2024-02-12 09:03:33.336077","15","150.0","TSYBULSKYY YATSYUK, NICOLAS","15003495","FRANCISCO MAYORAL","MAD"
"2024-02-12 09:03:33.336538","15","150.0","VAZ MUÑOZ, JUAN MANUEL","15001472","KARATE ANTONIO MACHADO","MAD"
"2024-02-12 09:03:33.336846","17","125.0","RENOVELL CODESIDO, SERGIO","4007786","CLUB KARATE PATERNA","VAL"
"2024-02-12 09:03:33.337160","18","112.5","OÑA TUDELA, JAVIER","4003720","CLUB KARATE MANISES","VAL"
"2024-02-12 09:03:33.337582","19","95.0","BORRÁS ALBERTÍ, PAU","13005234","MOTA","BAL"
"2024-02-12 09:03:33.337889","20","90.0","MODU VILLAR, AGUSTIN EKOKA","4008362","C.D. KAZOKUSPORT","VAL"
"2024-02-12 09:03:33.338203","21","77.5","QUIVÉN LÓPEZ, JORGE","4007817","KARATE CLUB SAN VICENTE","VAL"
"2024-02-12 09:03:33.338534","22","62.5","SAEZ TRIGUEROS, SERGIO","1002123","C.D. TORRES KARATE","AND"
"2024-02-12 09:03:33.338833","22","62.5","SANCHEZ RAMOS, DANIEL","14003683","SANKUKAI","RIO"
"2024-02-12 09:03:33.339144","24","37.5","HALIM, NIZAR","2002192","C.D. NIZAR","ARG"
"2024-02-12 09:03:33.339471","24","37.5","BOLADO CAMPO, ANGEL","6005264","GONZALEZ MACHIN","CNT"
"2024-02-12 09:03:33.339775","26","25.0","PEINADO GONZALEZ, VICTOR","4003611","C.D. KARATE LA LLUM XIRIVELLA","VAL"
"2024-02-12 09:03:33.340094","27","17.5","MONTOLIU DIEZ, BENJAMIN","15007203","C.D.GO-PAI SPORT","MAD"
"2024-02-12 09:03:33.341158","28","15.0","DEL ROSARIO VIZCAÍNO, ANTONIO","5007924","GYM SUR STYLO","CNR"
"2024-02-12 09:03:33.341619","28","15.0","JIMÉNEZ SABIO, DANIEL","6005211","GIMNASIO MENTE","CNT"
"2024-02-12 09:03:33.341937","30","12.5","GASPAR VILLUENDAS, RAFAEL","4002496","KENKYO","VAL"
"2024-02-12 09:03:33.342253","30","12.5","CASTRO PEREZ, NILO","3004093","ARENAS KARATE","AST"
"2024-02-12 09:03:33.342590","30","12.5","SANCHEZ JIMENEZ, ANTONIO","1004990","C.D. SHOTOKAN KARATE OKINAWA","AND"
"2024-02-12 09:03:33.342904","33","10.0","HERNÁNDEZ CALPE, ÁNGEL","4007921","CLUB J.VIDAL","VAL"
"2024-02-12 09:03:33.343221","33","10.0","MENDOZA GONZALEZ, JORDI","12104567","MIZUKAMI","GAL"
"2024-02-12 09:03:33.344089","33","10.0","GARCIA DE GARAYO, GORKA","19005118","GIMNASIO FITNESS GASTEIZ","PVS"
"2024-02-12 09:03:33.344491","33","10.0","SAN JULIAN ABELLEIRA, RAÚL","7002296","KARATE CLUB KYOTO","CLM"
"2024-02-12 09:03:33.344818","33","10.0","SANCHEZ NAVARRO, MIGUEL","2005548","GIMNASIO ARAGON MAURA","ARG"
"2024-02-12 09:03:33.345404","38","5.0","VILARDEBÓ GIMÉNEZ, JORDI","9005460","KARATE SENSHI DOJO","CAT"
"2024-02-12 09:03:33.346009","38","5.0","THIOUNE, DAOUR","4008012","CLUB KÁRATE SEISHIN DE SANTA POLA","VAL"
"2024-02-12 09:03:33.346625","38","5.0","PENA LOPEZ, FERNANDO","1005484","C.D. SONKEI","AND"
"2024-02-12 09:03:33.355336","1","1727.5","BARGADOS BERNARDO, CARLOS","3004676","FELIX-SHOTOKAN","AST"
"2024-02-12 09:03:33.355740","2","1642.5","DELESTAL ROMERO, ALBERTO","15002629","KARATE ANTONIO MACHADO","MAD"
"2024-02-12 09:03:33.356080","3","1557.5","IBAÑEZ SAENZ-TORRE, RODRIGO","1006159","C.D. KARATE FUENGIROLA","AND"
"2024-02-12 09:03:33.356413","4","1427.5","JUST CLOPES, JOAN","9003737","KARATE CLUB JUST","CAT"
"2024-02-12 09:03:33.356724","5","562.5","TAMAYO SANCHEZ, JULEN","19003932","GIMNASIO FITNESS GASTEIZ","PVS"
"2024-02-12 09:03:33.357037","6","435.0","SANCHEZ TOME, DANIEL","7001497","NISSEISHI","CLM"
"2024-02-12 09:03:33.357390","7","425.0","DOMINGUEZ HORAS, ALFREDO","9002035","KARATE NO KACHI LES FRANQUESES","CAT"
"2024-02-12 09:03:33.357910","8","275.0","GARCIA DE GARAYO, GORKA","19005118","GIMNASIO FITNESS GASTEIZ","PVS"
"2024-02-12 09:03:33.358350","9","230.0","SHOTTE CABELLO, ZSAMORAN","1001461","C.D. KARATE CIUDAD JARDIN","AND"
"2024-02-12 09:03:33.358723","10","202.5","MEDINA CISNEROS, ANGEL","1002121","ASOCIACION KARATE AXARQUIA","AND"
"2024-02-12 09:03:33.359101","11","200.0","MARÍN VILLALOBOS, LORENZO CARLOS","1002133","C.D. GOJU RYU TORREMOLINOS","AND"
"2024-02-12 09:03:33.359523","12","195.0","HERNÁNDEZ MORENO, DIEGO","5004843","GIMNASIO VISTABELLA","CNR"
"2024-02-12 09:03:33.360076","13","180.0","CASTELLANO SOTO, ALBERTO","5007784","CLUB DEPORTIVO ACD NEKO","CNR"
"2024-02-12 09:03:33.360511","14","155.0","OUCHKIR, HASSAN","19005258","BERGARAKO SHOTOKAN","PVS"
"2024-02-12 09:03:33.361550","15","150.0","ZAKARIA, AYOUB","14005130","SHIN DO SANKUKAI","RIO"
"2024-02-12 09:03:33.361867","15","150.0","MARTINEZ ALONSO, GORKA","8003848","FUJISAN - PALENCIA","CAL"
"2024-02-12 09:03:33.362190","17","147.5","POKU OWUSU, MARCOS","14005390","SANKUKAI","RIO"
"2024-02-12 09:03:33.362574","18","137.5","LLORENTE SÁNCHEZ, ALVARO","6004069","NORBERTO ORTIZ","CNT"
"2024-02-12 09:03:33.362882","19","122.5","RODRIGUEZ RODRIGUEZ, PEDRO","11017496","ASOCIACIÓN DEPORTIVA OAKI","EXT"
"2024-02-12 09:03:33.363189","20","117.5","FELPETO GESTO, CARLOS","12102239","KARATE-DO CARBALLO","GAL"
"2024-02-12 09:03:33.363545","21","112.5","VALERO MONDEJAR, YAGO","14003674","SANKUKAI","RIO"
"2024-02-12 09:03:33.363854","22","110.0","CISNEROS MORALES, DIEGO","8005088","MASTER 10","CAL"
"2024-02-12 09:03:33.364285","23","95.0","GIL GARROTE, JUAN LUIS","1006168","KARATE KIME-CESAR MARTINEZ","AND"
"2024-02-12 09:03:33.364632","24","87.5","GARCIA VERNETTA, JORGE","4004165","KENKYO","VAL"
"2024-02-12 09:03:33.364940","24","87.5","NAJI, AMIN","2005333","CLUB FEDERACIÓN ARAGONESA DE KARATE","ARG"
"2024-02-12 09:03:33.365248","24","87.5","CABALLERO LINO, HECTOR","7002564","KIDOKAN","CLM"
"2024-02-12 09:03:33.365587","27","82.5","RAMIREZ SMITH, MAX","1003696","C.D. GOJU RYU TORREMOLINOS","AND"
"2024-02-12 09:03:33.365894","27","82.5","ÁNGULO MARTÍNEZ, JON","19005806","SANTA TERESA","PVS"
"2024-02-12 09:03:33.366196","29","75.0","GÓMEZ MOLLA, JOSE","4004175","ESCUELA ARTES MARCIALES TXENTXO","VAL"
"2024-02-12 09:03:33.366536","30","72.5","TORRES MORENO, ANTONIO","15001460","IVAN LEAL","MAD"
"2024-02-12 09:03:33.366839","30","72.5","TANEV, JULIAN PLAMENOV","13004903","TOT ESPORT CALVIA","BAL"
"2024-02-12 09:03:33.367139","30","72.5","FERNANDEZ RODRIGUEZ, ROBERTO","3001151","GIMNASIO LINO","AST"
"2024-02-12 09:03:33.367460","33","70.0","GIORGETTI BERMUDEZ, DEREK","5007807","ECHEYDE","CNR"
"2024-02-12 09:03:33.367774","34","67.5","ESTRADA BALLESTEROS, VICTOR","15310343","DASAN CONTACTO","MAD"
"2024-02-12 09:03:33.368084","35","62.5","TORRES BETRIU, ARTUR","9002369","CLUB KARATE SINHUS SPORT","CAT"
"2024-02-12 09:03:33.368405","35","62.5","CORREA PACHECO, ABEL","9005148","KARATE CLUB JUST","CAT"
"2024-02-12 09:03:33.368727","35","62.5","LOPEZ LORES, HUGO","14003734","CLUB FEDERACIÓN RIOJANA DE KARATE","RIO"
"2024-02-12 09:03:33.369028","38","60.0","GALAN CUENCA, RUBEN","15008899","IVAN LEAL","MAD"
"2024-02-12 09:03:33.369332","38","60.0","TAVARES OJEDA, CÉSAR MANUEL DEL VALLE","12105081","HELENOS","GAL"
"2024-02-12 09:03:33.369668","40","55.0","TERNERO FONTDEVILA, RAÚL","9003791","KARATE SENSHI DOJO","CAT"
"2024-02-12 09:03:33.369966","41","50.0","BIDAGUREN IBAÑEZ, GORKA","19005216","SHINGITAI","PVS"
"2024-02-12 09:03:33.370334","41","50.0","VEGA NOVA, ÁLVARO JESÚS","11015343","CENTRO SHOTOKAN DE MERIDA","EXT"
"2024-02-12 09:03:33.370718","41","50.0","FERNÁNDEZ GUTIÉRREZ, ALVARO","3007040","KARATE CORVERA","AST"
"2024-02-12 09:03:33.371083","44","42.5","RODRIGUEZ SASTRE, DAVID","15005821","DASAN CONTACTO","MAD"
"2024-02-12 09:03:33.371444","45","40.0","AHMED AHMED, YUSEF","10000019","CLUB SEPAI","CEU"
"2024-02-12 09:03:33.371919","45","40.0","MENENDEZ ALBOR, DANIEL","3006148","FELIX-SHOTOKAN","AST"
"2024-02-12 09:03:33.372295","47","37.5","RODRIGUEZ SASTRE, JOAQUIN","15005822","DASAN CONTACTO","MAD"
"2024-02-12 09:03:33.372672","47","37.5","CASTILLO ACEDO, EDGARDI A.","4008259","CLUB J.VIDAL","VAL"
"2024-02-12 09:03:33.373030","47","37.5","CORUJO AZNAR, ANGEL","3002849","FELIX-SHOTOKAN","AST"
"2024-02-12 09:03:33.373391","47","37.5","MARTINEZ IBAÑEZ, MANUEL","1002370","C.D. GOJU RYU TORREMOLINOS","AND"
"2024-02-12 09:03:33.373767","47","37.5","TRAPIELLA FERNANDEZ, IGNACIO","3006407","GIMNASIO LINO","AST"
"2024-02-12 09:03:33.374117","52","35.0","LLUCH-ELUM ESCANDELL, JUAN","4007922","KENKYO","VAL"
"2024-02-12 09:03:33.374480","52","35.0","GONZÁLEZ MONTES, HUGO","1004864","C.D. NO-KACHI","AND"
"2024-02-12 09:03:33.374851","54","32.5","SANTOS GONZÁLEZ, JORGE","12004032","RENBU-KAN","GAL"
"2024-02-12 09:03:33.375201","55","30.0","ESCOBAR HIDALGO, IVAN","15003484","DASAN CONTACTO","MAD"
"2024-02-12 09:03:33.375570","56","25.0","GALAN CUENCA, RUBEN","8005459","CLUB FEDERACIÓN DE KARATE DE CASTILLA LEÓN","CAL"
"2024-02-12 09:03:33.375914","56","25.0","NEILA MORA, ADRIAN","15002163","SEIKEN-DO","MAD"
"2024-02-12 09:03:33.376261","56","25.0","FERNANDEZ DEL VALLE, RUBEN","7002304","KARATE CLUB KYOTO","CLM"
"2024-02-12 09:03:33.376628","59","20.0","DÍAZ POLO, ISRAEL","12002909","RENBU-KAN","GAL"
"2024-02-12 09:03:33.376970","60","17.5","GARCÍA RODRÍGUEZ, ADRIÁN","5007837","CLUB KARATE ISA","CNR"
"2024-02-12 09:03:33.377315","61","15.0","PEREA MARTINEZ, CARLOS MANUEL","5007852","GYM SUR STYLO","CNR"
"2024-02-12 09:03:33.377680","61","15.0","FERRER REAL, IVAN","4007735","CLUB DE KARATE LA POBLA DE VALLBONA","VAL"
"2024-02-12 09:03:33.378024","61","15.0","CALVO FERNÁNDEZ, JESUS","13005594","KARATE CLUB ESPADAS","BAL"
"2024-02-12 09:03:33.378503","61","15.0","GOMEZ MARTINEZ, PABLO","15001528","IVAN LEAL","MAD"
"2024-02-12 09:03:33.378849","61","15.0","PASCUAL VILLAR, AITOR","4008026","CLUB DEPORTIVO KYODAI","VAL"
"2024-02-12 09:03:33.379191","61","15.0","IBARRA BALANZATEGUI, JON","19003606","GIMNASIO FITNESS GASTEIZ","PVS"
"2024-02-12 09:03:33.379556","61","15.0","FERNANDEZ MONTEIRO, JOAQUIN","3003829","GIMNASIO LINO","AST"
"2024-02-12 09:03:33.379915","68","13.0","GARRIDO RODRIGUEZ, FRANCISCO","3004909","GIMNASIO LINO","AST"
"2024-02-12 09:03:33.380375","69","12.5","LAFÓN ZAMORA, IKER","18004216","CLUB ESCUELA DEPORTIVA DE HUARTE","NAV"
"2024-02-12 09:03:33.380745","69","12.5","GOMEZ MARTINEZ, PABLO","7005558","C.D. KARATE TOLETVM","CLM"
"2024-02-12 09:03:33.381088","69","12.5","HERNANDEZ NUÑEZ, ADRIAN","2005002","GIMNASIO OPEN","ARG"
"2024-02-12 09:03:33.381448","69","12.5","RUBIO SAN ANTONIO, VICTOR","4004058","CLUB DEPORTIVO KYODAI","VAL"
"2024-02-12 09:03:33.381816","69","12.5","GAINZA FACILA, LUIS","2005330","SOCIEDAD DEPORTIVA SHURIYAMA","ARG"
"2024-02-12 09:03:33.382176","74","10.0","FERNANDEZ GUTIERREZ , ALVARO","3003838","FELIX-SHOTOKAN","AST"
"2024-02-12 09:03:33.382554","74","10.0","CALVERA TONIN, ALEJANDRO","2005158","GIMNASIO ARAGON MAURA","ARG"
"2024-02-12 09:03:33.382887","74","10.0","GUTIERREZ BARQUÍN, AARÓN","3005952","FELIX-SHOTOKAN","AST"
"2024-02-12 09:03:33.383229","74","10.0","GANCEDO MONTESERIN, DANIEL","3007137","ESCUELA DE KARATE MAGADAN","AST"
"2024-02-12 09:03:33.383603","74","10.0","SANTIAGO MARTÍNEZ, HECTOR","7006650","GOJUSHINDO","CLM"
"2024-02-12 09:03:33.383943","74","10.0","NAVARRO GARCIA, ALEJANDRO","2005392","IPPONGYM","ARG"
"2024-02-12 09:03:33.384292","74","10.0","ORTEGA GÓMEZ, LEONARDO","13005595","KARATE CLUB ESPADAS","BAL"
"2024-02-12 09:03:33.384645","74","10.0","ANAYA FLORES, PEDRO","1006310","C.D. KURO OBI","AND"
"2024-02-12 09:03:33.384961","74","10.0","GÓMEZ LIÑARES, RUBÉN","12102968","KARATE-DO CARBALLO","GAL"
"2024-02-12 09:03:33.385268","74","10.0","AKRIDI, FARES","5008351","GYM SUR STYLO","CNR"
"2024-02-12 09:03:33.385599","74","10.0","FLORIDO RAVENTOS, SERGI","9005572","CLUB ESPORTIU EQUIP4","CAT"
"2024-02-12 09:03:33.385893","74","10.0","TERCEÑO NADAL, OSCAR","9005152","KARATE MUSOKEN","CAT"
"2024-02-12 09:03:33.386200","74","10.0","HERNANDEZ LUCIO, JAVIER","15008532","CLUB VICTOR PRADERA-EUROPA","MAD"
"2024-02-12 09:03:33.386526","87","5.0","HERRERA GUTIÉRREZ, DYLAN","5004556","CLUB KARATE ISA","CNR"
"2024-02-12 09:03:33.386820","87","5.0","GAINZA FACILAA, LUIS","2005265","SOCIEDAD DEPORTIVA SHURIYAMA","ARG"
"2024-02-12 09:03:33.387126","87","5.0","SACCI, SALEM","18004913","KARATE BERRIOZAR","NAV"
"2024-02-12 09:03:33.387448","87","5.0","BUITRAGO RODRIGUEZ, DANIEL","7006869","KIDOKAN","CLM"
"2024-02-12 09:03:33.387757","87","5.0","EVORA DE CARVALHO, DIOGO ALEXANDRE","15317500","CLUB FEDERACIÓN MADRILEÑA DE KARATE","MAD"
"2024-02-12 09:03:33.388051","87","5.0","AL HUSEIN RAIE, OBADA","1004682","C.D. GO-DAI","AND"
"2024-02-12 09:03:33.388340","87","5.0","GONÇALVES DOS SANTOS DUARTE, TIAGO MIGUEL","15317499","CLUB FEDERACIÓN MADRILEÑA DE KARATE","MAD"
"2024-02-12 09:03:33.388669","87","5.0","ALONSO JIMÉNEZ, DAVID","4008136","CLUB KARATE JUAN MUÑOZ RUIZ","VAL"
"2024-02-12 09:03:33.388961","87","5.0","QUESADA TERRÉS, JORDI","4008180","C.K. MONTE BENACANTIL ALICANTE","VAL"
"2024-02-12 09:03:33.389253","87","5.0","ZAMORANO MERINO, SERGIO","4007945","CLUB DEPORTIVO KYODAI","VAL"
"2024-02-12 09:03:33.389572","87","5.0","HERNÁNDEZ GUEDES, JAVIER","5008186","C.D. NAGO (GRUPO HIRAHI)","CNR"
"2024-02-12 09:03:33.389863","87","5.0","GONZALEZ TELLEZ, DAVID","2005555","GIMNASIO ARAGON MAURA","ARG"
"2024-02-12 09:03:33.397519","1","2327.5","DELESTAL JIMENO, FERNANDO","15002274","KARATE ANTONIO MACHADO","MAD"
"2024-02-12 09:03:33.397843","2","1332.5","SANTOS VEIGA, XAVIER","12003763","SAN FRANCISCO TEO","GAL"
"2024-02-12 09:03:33.398144","3","865.0","BALLESTER PIQUER, HUGO","4007952","CLUB J.VIDAL","VAL"
"2024-02-12 09:03:33.398465","4","690.0","GOMEZ CAMPANARIO, IVAN","15002141","KYODAI KARATE GALÁN","MAD"
"2024-02-12 09:03:33.398768","5","495.0","PIRIS FERRER, MIGUEL","15007018","KARATE ANTONIO MACHADO","MAD"
"2024-02-12 09:03:33.399057","6","452.5","CAMACHO ROMERO, JONATHAN","7003935","OKINAWA","CLM"
"2024-02-12 09:03:33.399344","7","442.5","ENNKHAILI ANQOUD, SAMY","14002237","SANKUKAI","RIO"
"2024-02-12 09:03:33.399673","8","357.5","SINKOVSKYI, YURI","4007693","CLUB J.VIDAL","VAL"
"2024-02-12 09:03:33.399957","9","250.0","VÁZQUEZ GONZÁLEZ, BRUNO","12002041","RENBU-KAN","GAL"
"2024-02-12 09:03:33.400286","10","215.0","HINOJOSA ROSALES, ISMAEL","1001391","C.D. NO-KACHI","AND"
"2024-02-12 09:03:33.400641","11","212.5","LEON VALBUENA, CARLOS","15001884","KARATE ANTONIO MACHADO","MAD"
"2024-02-12 09:03:33.400923","11","212.5","RODRIGUEZ SASTRE, JOAQUIN","15005822","DASAN CONTACTO","MAD"
"2024-02-12 09:03:33.401209","13","187.5","GARCIA VERNETTA, JORGE","4004165","KENKYO","VAL"
"2024-02-12 09:03:33.401526","14","185.0","YUSTE ORILLE, JESUS","14002608","SANKUKAI","RIO"
"2024-02-12 09:03:33.401806","15","175.0","GONZALEZ TELLEZ, DAVID","2005555","GIMNASIO ARAGON MAURA","ARG"
"2024-02-12 09:03:33.402092","16","172.5","GUTIERREZ BARQUÍN, AARÓN","3005952","FELIX-SHOTOKAN","AST"
"2024-02-12 09:03:33.402393","17","157.5","NOVOA LARA, RICARDO OSCAR","5007936","C.D. SHURITE-LK","CNR"
"2024-02-12 09:03:33.402694","18","155.0","MARTÍNEZ BENCHID, FERNANDO AKRAME","14005199","SANKUKAI","RIO"
"2024-02-12 09:03:33.402978","19","135.0","ZAMORANO MERINO, SERGIO","4007945","CLUB DEPORTIVO KYODAI","VAL"
"2024-02-12 09:03:33.403265","20","132.5","SÁNCHEZ PRIETO, JOSÉ MARÍA","11015769","ASOCIACIÓN DEPORTIVA OAKI","EXT"
"2024-02-12 09:03:33.403587","21","130.0","PINAQUE GARCÍA, NICOLÁS","12002919","KARATE-DO CARBALLO","GAL"
"2024-02-12 09:03:33.403876","21","130.0","MONZINO FEDERICI, HIRO","15305582","ART GIM MADRID","MAD"
"2024-02-12 09:03:33.404162","23","122.5","GIMÉNEZ FIGUEROA, JAVIER","1005492","C.D. WADOKAN","AND"
"2024-02-12 09:03:33.404479","24","120.0","RIOS GARCIA, VICTOR","15002171","KARATE ANTONIO MACHADO","MAD"
"2024-02-12 09:03:33.404766","25","112.5","GARCIA MUÑOZ, TASIO","18004821","ADAKA","NAV"
"2024-02-12 09:03:33.405053","26","92.5","HERNANDEZ PUENTE, RODRIGO","8001344","CLUB KARATE CARCEDO","CAL"
"2024-02-12 09:03:33.405394","27","80.0","DAVIES, JAMIE","1005561","C.D. NO-KACHI","AND"
"2024-02-12 09:03:33.405792","27","80.0","HERNANDEZ CABRERA, MIGUEL","9005395","CLUB KARATE IPPON","CAT"
"2024-02-12 09:03:33.406137","29","77.5","CORUJO AZNAR, ANGEL","3002849","FELIX-SHOTOKAN","AST"
"2024-02-12 09:03:33.406508","30","72.5","TEMPLADO GARCIA, PELAYO","3003819","FELIX-SHOTOKAN","AST"
"2024-02-12 09:03:33.406846","31","70.0","TEMPLADO GARCÍA, PELAYO","3007010","KARATE CORVERA","AST"
"2024-02-12 09:03:33.407186","32","60.0","SALVATI, AUGUSTO","15327556","KARATE ANTONIO MACHADO","MAD"
"2024-02-12 09:03:33.407541","33","55.0","CAMACHO PUENTES, EIFER ANTONIO","5008183","C.D. SHURITE-LK","CNR"
"2024-02-12 09:03:33.407877","34","50.0","MARTÍN GONZÁLEZ, PABLO","8003850","FUJISAN - PALENCIA","CAL"
"2024-02-12 09:03:33.408223","35","45.0","AITHAMADI, EL HOUCINE","1005800","ASOCIACION KARATE AXARQUIA","AND"
"2024-02-12 09:03:33.408594","36","42.5","MARCANO MAVO, YANKO","9005278","KARATE NO KACHI LES FRANQUESES","CAT"
"2024-02-12 09:03:33.408942","37","40.0","HERNANDEZ LUCIO, JAVIER","15008532","CLUB VICTOR PRADERA-EUROPA","MAD"
"2024-02-12 09:03:33.409276","38","37.5","FERNANDEZ LOPEZ-ACEVEDO, MIGUEL","3002848","GIMNASIO LINO","AST"
"2024-02-12 09:03:33.409635","38","37.5","PEÑA PEREZ, LUIS ALBERTO","1006242","CLUB DE KARATE NITEN","AND"
"2024-02-12 09:03:33.409996","38","37.5","CASTILLO MURCIA, ALEJANDRO","1002778","C.D. TORRES KARATE","AND"
"2024-02-12 09:03:33.410345","41","35.0","JODEILI, JIMMY","15313312","KARATE ANTONIO MACHADO","MAD"
"2024-02-12 09:03:33.410709","41","35.0","GRANELL RUIZ, JAVIER","15001880","DASAN CONTACTO","MAD"
"2024-02-12 09:03:33.411046","43","30.0","ANDRES TOVAR, GUILLERMO","2005329","SOCIEDAD DEPORTIVA SHURIYAMA","ARG"
"2024-02-12 09:03:33.411395","43","30.0","PAZOS GONZÁLEZ, NOEL","12101446","MIZUKAMI","GAL"
"2024-02-12 09:03:33.411752","45","27.5","DIAZ HUERTA, IVAN","3005953","GIMNASIO LINO","AST"
"2024-02-12 09:03:33.412098","45","27.5","GOROSTIDI SANCHEZ, ANDER","18004787","S.D.C. ECHAVACOIZ","NAV"
"2024-02-12 09:03:33.412447","47","25.0","MORET GÓMEZ, CARLES","4007822","CLUB DE KARATE LA POBLA DE VALLBONA","VAL"
"2024-02-12 09:03:33.412803","48","22.5","FERNANDEZ GONZALEZ, SERGIO","3002852","GIMNASIO LINO","AST"
"2024-02-12 09:03:33.413162","49","20.0","MARTINEZ SUAREZ, ANDRES","3004941","REAL GRUPO DE CULTURA COVADONGA","AST"
"2024-02-12 09:03:33.413528","50","17.5","VALLEJO RODRÍGUEZ, ANTONIO JESÚS","1005490","C.D. WADOKAN","AND"
"2024-02-12 09:03:33.413873","51","15.0","AVILA HOZ, DANIEL","6005288","CLUB KIME","CNT"
"2024-02-12 09:03:33.414212","51","15.0","LIRIO MEDINA, UNAI","13004646","TOT ESPORT CALVIA","BAL"
"2024-02-12 09:03:33.414581","51","15.0","CERVERA FERRER, FRANCISCO","4008139","CLUB J.VIDAL","VAL"
"2024-02-12 09:03:33.414915","51","15.0","VALCARCEL LINARES, DAVID","15001554","TSUKURI","MAD"
"2024-02-12 09:03:33.415254","51","15.0","NAVAS DELGADO, ALBERTO","7005338","SAKATA","CLM"
"2024-02-12 09:03:33.415616","51","15.0","ALVAREZ MARTÍNEZ, ANDRÉS","8005385","MASTER 10","CAL"
"2024-02-12 09:03:33.415953","51","15.0","REVUELTA GARCÍA, IVÁN","1005879","KARATE KIME-CESAR MARTINEZ","AND"
"2024-02-12 09:03:33.416331","58","12.5","LEON MORENO, JESUS","1002170","CLUB KARATE ZANSHIN","AND"
"2024-02-12 09:03:33.416692","58","12.5","OLLO WALTER, IMANOL","18004843","CLUB FEDERACIÓN NAVARRA DE KARATE","NAV"
"2024-02-12 09:03:33.417111","58","12.5","PEREIRO ESTEVEZ, ANDER","19005195","SANTA TERESA","PVS"
"2024-02-12 09:03:33.417475","58","12.5","NUEVO RODRIGUEZ, MARIO","8005413","CLUB KARATE CARCEDO","CAL"
"2024-02-12 09:03:33.417821","58","12.5","DELGADO DOMINGUEZ, DAVID","9003648","CLUB KARATE RIDAO","CAT"
"2024-02-12 09:03:33.418162","58","12.5","GONZALEZ ESCUDERO, CHRISTIAN","7005557","C.D. KARATE TOLETVM","CLM"
"2024-02-12 09:03:33.418520","64","10.0","WEICHENG, WANG","15323312","CLUB FEDERACIÓN MADRILEÑA DE KARATE","MAD"
"2024-02-12 09:03:33.418858","64","10.0","LEÓN GARCÍA, MARCOS","3007037","KARATE CORVERA","AST"
"2024-02-12 09:03:33.419201","64","10.0","PEREA MARTINEZ, CARLOS MANUEL","5007852","GYM SUR STYLO","CNR"
"2024-02-12 09:03:33.419558","64","10.0","BUITRAGO RODRIGUEZ, DANIEL","7006869","KIDOKAN","CLM"
"2024-02-12 09:03:33.419896","64","10.0","ACOSTA MATEO, JAVIER","5007911","GANKAKU","CNR"
"2024-02-12 09:03:33.420312","64","10.0","GALAN CUENCA, RUBEN","15008899","IVAN LEAL","MAD"
"2024-02-12 09:03:33.420700","64","10.0","SANTAMARIA GRANDE, RICARDO","15005752","IVAN LEAL","MAD"
"2024-02-12 09:03:33.421069","71","5.0","ROLDAN MOLINA, DAVID","7005312","KIDOKAN","CLM"
"2024-02-12 09:03:33.421425","71","5.0","FEREY, ENZO","1005799","ASOCIACION KARATE AXARQUIA","AND"
"2024-02-12 09:03:33.421778","71","5.0","TORRIJOS NUÑEZ, JAVIER","7004962","CLUB FEDERACIÓN DE CASTILLA LA MANCHA DE KARATE","CLM"
"2024-02-12 09:03:33.422121","71","5.0","CUERVA MORA, VICTOR","15313414","SEIKEN-DO","MAD"
"2024-02-12 09:03:33.422485","71","5.0","ASENJO FERNANDEZ, SERGIO","3006445","ESCUELA DE KARATE MAGADAN","AST"
"2024-02-12 09:03:33.422830","71","5.0","ORTIZ LERMA, MARIO","15006381","KARATE CIUDAD DE ROMA","MAD"
"2024-02-12 09:03:33.423168","71","5.0","IZQUIERDO VICEDO, JAVIER","4008126","KARATE CLUB SAN VICENTE","VAL"
"2024-02-12 09:03:33.423531","71","5.0","EUCLIDES MORAES, EROS","2004198","CLUB FEDERACIÓN ARAGONESA DE KARATE","ARG"
"2024-02-12 09:03:33.423870","71","5.0","FERNANDEZ FRAILE, ALEJANDRO","4008175","KARATE MARCE","VAL"
"2024-02-12 09:03:33.424205","71","5.0","NAVARRO GARCIA, ALEJANDRO","2005392","IPPONGYM","ARG"
"2024-02-12 09:03:33.424572","71","5.0","MADINABEITIA GOÑI, IOSU","19004086","CLUB FEDERACIÓN DE KARATE PAÍS VASCO","PVS"
"2024-02-12 09:03:33.424911","71","5.0","QUESADA ESCARCENA, JOSE MIGUEL","1003693","C.D. GOJU RYU TORREMOLINOS","AND"
"2024-02-12 09:03:33.430460","1","1512.5","ORTIZ DE ZARATE, ALEX","19003602","GIMNASIO FITNESS GASTEIZ","PVS"
"2024-02-12 09:03:33.430853","2","1092.5","PRADO ROMÁN, JESUS","1003970","CLUB KARATE ZANSHIN","AND"
"2024-02-12 09:03:33.431209","3","862.5","VALDIVIA MIRANDA, JORDI","9005180","CLUB ESPORTIU MEDITERRANI","CAT"
"2024-02-12 09:03:33.431578","4","695.0","OCIO MARCA, ADRIAN","19005093","GIMNASIO FITNESS GASTEIZ","PVS"
"2024-02-12 09:03:33.431920","5","655.0","CHADLI EL BAGHADADI, ANAS","5007794","GYM SUR STYLO","CNR"
"2024-02-12 09:03:33.432268","6","612.5","PRIMICIA VELASCO, IBAI","18002011","CLUB FEDERACIÓN NAVARRA DE KARATE","NAV"
"2024-02-12 09:03:33.432651","7","587.5","LIARTE PASTOR, DAVID","14002236","SANKUKAI","RIO"
"2024-02-12 09:03:33.432993","8","540.0","GARCIA-GIL BLAZQUEZ, ALEJANDRO","15003286","SEIKEN-DO","MAD"
"2024-02-12 09:03:33.433331","9","475.0","ALVAREZ RODRIGUEZ, HUGO","3004908","GIMNASIO LINO","AST"
"2024-02-12 09:03:33.433693","10","430.0","MUÑOZ COLL, LUIS","13003766","TOT ESPORT CALVIA","BAL"
"2024-02-12 09:03:33.434028","11","410.0","MANSILLA PEREZ, ALEJANDRO","1001395","C.D. NO-KACHI","AND"
"2024-02-12 09:03:33.434378","12","387.5","PRIMICIA VELASCO, URKO","18002618","CLUB FEDERACIÓN NAVARRA DE KARATE","NAV"
"2024-02-12 09:03:33.434731","13","352.5","ANDRES TOVAR, GUILLERMO","2005329","SOCIEDAD DEPORTIVA SHURIYAMA","ARG"
"2024-02-12 09:03:33.435063","14","327.5","BAUTISTA PIÑA, SERGIO","1005763","SECCION DEPORTIVA CIRCULO MERCANTIL","AND"
"2024-02-12 09:03:33.435410","15","297.5","AISA PÁEZ, DAMIÁN","5007885","C.D. NAGO (GRUPO HIRAHI)","CNR"
"2024-02-12 09:03:33.435899","16","235.0","OSUNA ABADIAS, RAUL","2005546","SOCIEDAD DEPORTIVA SHURIYAMA","ARG"
"2024-02-12 09:03:33.436272","17","225.0","ROMAN HERNANDEZ, CARLOS","15008967","SEIKEN-DO","MAD"
"2024-02-12 09:03:33.436648","18","202.5","CANCELO SÁNCHEZ, SIMÓN","12102237","SAN FRANCISCO TEO","GAL"
"2024-02-12 09:03:33.436984","19","197.5","AISA PAEZ, DAMIAN","5004636","CLUB FEDERACIÓN CANARIA DE KARATE","CNR"
"2024-02-12 09:03:33.437326","20","190.0","SUAREZ SOLIS, PELAYO","3006017","KARATE CORVERA","AST"
"2024-02-12 09:03:33.437690","21","112.5","GARCIA MUÑOZ, TASIO","18004821","ADAKA","NAV"
"2024-02-12 09:03:33.438031","22","107.5","RODRIGUEZ, JOAQUIN","19005295","GIMNASIO FITNESS GASTEIZ","PVS"
"2024-02-12 09:03:33.438391","23","105.0","MALLO RODRÍGUEZ, VÍCTOR","12005118","ESCUELA DE KARATE FRANZA","GAL"
"2024-02-12 09:03:33.438739","24","90.0","PRIMICIA VELASCO, IBAI","18005065","ADAKA","NAV"
"2024-02-12 09:03:33.439077","25","82.5","GUTIERREZ BARQUÍN, AARÓN","3005952","FELIX-SHOTOKAN","AST"
"2024-02-12 09:03:33.439440","26","80.0","COBLES BERNAL, VICTOR","15001872","GANBARU","MAD"
"2024-02-12 09:03:33.439786","27","62.5","EXPÓSITO FERRAGUT, CARLOS","13002820","TOT ESPORT CALVIA","BAL"
"2024-02-12 09:03:33.440146","28","60.0","MONTALVO RODRÍGUEZ, JESÚS","1005478","C.D. NO-KACHI","AND"
"2024-02-12 09:03:33.440553","29","57.5","MUÑOZ GONZALEZ, ALEX","6005183","BEZANA","CNT"
"2024-02-12 09:03:33.440890","30","47.5","OBAYA MAESTRO, IVÁN","3006008","KARATE CORVERA","AST"
"2024-02-12 09:03:33.441228","31","42.5","GUZMAN PEREZ, ADRIAN","7003979","KIDOKAN","CLM"
"2024-02-12 09:03:33.441589","31","42.5","ZAMORANO MERINO, MIGUEL","4007944","CLUB DEPORTIVO KYODAI","VAL"
"2024-02-12 09:03:33.441921","31","42.5","LOPEZ LOPEZ, JORDI","4003705","C.D. SHINGITAI","VAL"
"2024-02-12 09:03:33.442256","34","40.0","TORRES FORMOSO, DIEGO","12005114","SAN FRANCISCO TEO","GAL"
"2024-02-12 09:03:33.442627","35","37.5","GONZALEZ ESCUDERO, CHRISTIAN","7005557","C.D. KARATE TOLETVM","CLM"
"2024-02-12 09:03:33.442959","36","35.0","MARTINEZ GARCIA, RUBEN","4002488","KENKYO","VAL"
"2024-02-12 09:03:33.443295","37","30.0","MAYORGA MERINO, SANTIAGO DANIEL","17012560","HIKARI KARATE CLUB","MUR"
"2024-02-12 09:03:33.443662","37","30.0","SANCHEZ HORMEÑO, JORGE","15012525","OLIMPIA","MAD"
"2024-02-12 09:03:33.444008","37","30.0","MEJIAS VAZQUEZ, ALEJANDRO","15015737","CLUB VICTOR PRADERA-EUROPA","MAD"
"2024-02-12 09:03:33.444358","40","25.0","VALLEJO RODRÍGUEZ, FRANCISCO JAVIER","1005489","C.D. WADOKAN","AND"
"2024-02-12 09:03:33.444725","40","25.0","LOPEZ GARCIA, ALEJANDRO","1003863","C.D. SHOTOYAMA KARATE","AND"
"2024-02-12 09:03:33.445058","42","22.5","CULEBRAS LLATA, BORJA","6005433","E.K.COMILLAS","CNT"
"2024-02-12 09:03:33.445436","43","20.0","CARAVACA AGUILAR, DAVID","1006379","C.D. KURO OBI","AND"
"2024-02-12 09:03:33.445797","43","20.0","CORPAS CORONADO, RAMON JESUS","1005576","KIHAKU UTRERA","AND"
"2024-02-12 09:03:33.446140","45","15.0","CORREA ARIZA, OSCAR","1004584","C.D. NO-KACHI","AND"
"2024-02-12 09:03:33.446520","46","12.5","CLAVER SANZ, RAÚL","14002178","SANKUKAI","RIO"
"2024-02-12 09:03:33.446862","47","10.0","SÁNCHEZ MONTORO, ADRIÁN","1005954","C.D. NO-KACHI","AND"
"2024-02-12 09:03:33.447199","47","10.0","HERNANDEZ OVEJERO, YAGO","7005046","NISSEISHI","CLM"
"2024-02-12 09:03:33.447560","47","10.0","MARTINEZ SUAREZ, ANDRES","3004941","REAL GRUPO DE CULTURA COVADONGA","AST"
"2024-02-12 09:03:33.447892","47","10.0","ALVENTOSA MARTIN, VICTOR","9005228","KARATE MUSOKEN","CAT"
"2024-02-12 09:03:33.448228","47","10.0","GONZÁLEZ MORAL, HUGO","7001008","KIDOKAN","CLM"
"2024-02-12 09:03:33.448592","52","5.0","MOTERA NAVARRO, ALBERTO","9005072","CLUB KARATE SINHUS SPORT","CAT"
"2024-02-12 09:03:33.448930","52","5.0","MODESTO DUEÑAS, JORGE","4007785","CLUB KARATE PATERNA","VAL"
"2024-02-12 09:03:33.449282","52","5.0","ORTIZ LERMA, MARIO","15006381","KARATE CIUDAD DE ROMA","MAD"
"2024-02-12 09:03:33.449649","52","5.0","ZAMORANO INSA, SALVADOR","4005087","KENKYO","VAL"
"2024-02-12 09:03:33.456632","1","2132.5","IBÁÑEZ SÁENZ-TORRE, JOSE RAFAEL","1006164","C.D. KARATE FUENGIROLA","AND"
"2024-02-12 09:03:33.457014","2","1655.0","PEREZ LUQUE, VICTOR","1005200","C.D. GOJU RYU TORREMOLINOS","AND"
"2024-02-12 09:03:33.457388","3","702.5","IBARRA BALANZATEGUI, JON","19003606","GIMNASIO FITNESS GASTEIZ","PVS"
"2024-02-12 09:03:33.457743","4","580.0","RODRIGUEZ PAZ, RODRIGO","9005244","CLUB KARATE MONTMELÓ","CAT"
"2024-02-12 09:03:33.458091","5","527.5","GARCIA ALONSO, HECTOR","6005276","KARATE ABDO","CNT"
"2024-02-12 09:03:33.458446","6","482.5","LLATA COZ, HECTOR","6005270","CLUB KIME","CNT"
"2024-02-12 09:03:33.458793","7","427.5","BAZO SOLORZANO, EDUARDO","5007817","C.D. SHURITE-LK","CNR"
"2024-02-12 09:03:33.459134","7","427.5","CHAIR, EL MEHDI","5008393","CLUB DEPORTIVO ACD NEKO","CNR"
"2024-02-12 09:03:33.459489","9","425.0","ROUIHA, ABDELLAH","6005382","KARATE ABDO","CNT"
"2024-02-12 09:03:33.459826","10","422.5","LARA VILLAR, ALEJANDRO","13011221","LARA ESCUELA DE ARTES MARCIALES","BAL"
"2024-02-12 09:03:33.460164","11","372.5","GUTIERREZ MARQUES, BORJA","3004911","GIMNASIO LINO","AST"
"2024-02-12 09:03:33.460560","12","362.5","FELPETO GESTO, ALEJANDRO","12002460","KARATE-DO CARBALLO","GAL"
"2024-02-12 09:03:33.460891","13","330.0","CARTOLANO BLANCO, ANTONIO","12002458","KAIZEN KARATE ACADEMY","GAL"
"2024-02-12 09:03:33.461230","14","317.5","FERNANDEZ RODRIGUEZ, ROBERTO","3001151","GIMNASIO LINO","AST"
"2024-02-12 09:03:33.461593","15","297.5","MOLINA ARENCON, ALEJANDRO","15001473","KARATE ANTONIO MACHADO","MAD"
"2024-02-12 09:03:33.461934","16","285.0","VICENTE ESTEVEZ, ANGEL","4007728","C.D. KAZOKUSPORT","VAL"
"2024-02-12 09:03:33.462272","17","210.0","FERNANDEZ MONTEIRO, ADRIAN","3004915","GIMNASIO LINO","AST"
"2024-02-12 09:03:33.462633","18","195.0","ARICIU, ROBERT","2004189","CLUB FEDERACIÓN ARAGONESA DE KARATE","ARG"
"2024-02-12 09:03:33.462971","19","175.0","MACHIN MEDINA, MARCOS","7005247","C.D. KARATE TOLETVM","CLM"
"2024-02-12 09:03:33.463310","20","172.5","TRAPIELLA FERNANDEZ, IGNACIO","3006407","GIMNASIO LINO","AST"
"2024-02-12 09:03:33.463667","21","162.5","RODRIGUEZ SASTRE, DAVID","15005821","DASAN CONTACTO","MAD"
"2024-02-12 09:03:33.464003","22","157.5","CARNICERO CAÑIBANO, MARIO","15310127","SEIKEN-DO","MAD"
"2024-02-12 09:03:33.464340","23","140.0","RENEDO, JORITZ","19005094","GIMNASIO FITNESS GASTEIZ","PVS"
"2024-02-12 09:03:33.464704","24","122.5","ORBEA VALLEJO, LANDER","19002257","SANTA TERESA","PVS"
"2024-02-12 09:03:33.465042","25","110.0","DELESTAL JIMENO, JAVIER","15001556","KARATE ANTONIO MACHADO","MAD"
"2024-02-12 09:03:33.465388","26","90.0","MARQUEZ GONZALEZ, JOSE","15018939","KYODAI KARATE GALÁN","MAD"
"2024-02-12 09:03:33.465737","27","80.0","GARCÍA COSTA, JUAN","4008361","C.D. KAZOKUSPORT","VAL"
"2024-02-12 09:03:33.466076","27","80.0","JUST CLOPES, JOAN","9003737","KARATE CLUB JUST","CAT"
"2024-02-12 09:03:33.466430","29","62.5","VALERO MONDEJAR, YAGO","14003674","SANKUKAI","RIO"
"2024-02-12 09:03:33.466768","30","55.0","MOLINA PAREJA, SAMUEL","7005222","KARATE ALMAGRO","CLM"
"2024-02-12 09:03:33.467105","31","50.0","CARRILLO PALMÉS, DAVID","5008231","C.D. SHURITE-LK","CNR"
"2024-02-12 09:03:33.467451","31","50.0","PEÑA ROSARIO, CARLOS MANUEL","18005030","A.D. SAN JUAN","NAV"
"2024-02-12 09:03:33.467792","33","40.0","DUARTE MOLINERO, JESÚS","8003816","GIMNASIO ANGEL","CAL"
"2024-02-12 09:03:33.468133","34","37.5","OÑA TUDELA, JAVIER","4003720","CLUB KARATE MANISES","VAL"
"2024-02-12 09:03:33.468502","34","37.5","MARQUEZ MERINO, JORGE","15003164","KARATE ANTONIO MACHADO","MAD"
"2024-02-12 09:03:33.468836","36","30.0","IGLESIAS BADIA, JOSÉ MANUEL","12105014","HELENOS","GAL"
"2024-02-12 09:03:33.469174","36","30.0","SANCHEZ TOME, DANIEL","7001497","NISSEISHI","CLM"
"2024-02-12 09:03:33.469529","36","30.0","HERRERA GUTIÉRREZ, DYLAN","5004556","CLUB KARATE ISA","CNR"
"2024-02-12 09:03:33.469863","36","30.0","VILLAREJO TORRES, DAVID","15007923","DASAN CONTACTO","MAD"
"2024-02-12 09:03:33.470199","40","25.0","SAN JULIAN ABELLEIRA, RAÚL","7002296","KARATE CLUB KYOTO","CLM"
"2024-02-12 09:03:33.470555","41","20.0","BUSTOS PEÑA, VICTOR MANUEL","1005955","C.D. NO-KACHI","AND"
"2024-02-12 09:03:33.470891","42","17.5","MUÑOZ TORRES, SERGIO","4007820","CLUB KARATE JUAN MUÑOZ RUIZ","VAL"
"2024-02-12 09:03:33.471234","43","15.0","DIEZ CASTILLO, TOMAS FRANCISCO","1002043","C.D. KARATE OLYMPO MARACENA","AND"
"2024-02-12 09:03:33.471592","43","15.0","NASARRE SÁNCHEZ, ADRIÁN","2005372","C.D. KAJUKI","ARG"
"2024-02-12 09:03:33.471928","43","15.0","VALENTE PARGANA ADVINCULO SEQUEIRA, ALEXANDRE","15317497","CLUB FEDERACIÓN MADRILEÑA DE KARATE","MAD"
"2024-02-12 09:03:33.472262","43","15.0","GONZALEZ PEREZ, ALEJANDRO","1005132","C.D. GOJU RYU TORREMOLINOS","AND"
"2024-02-12 09:03:33.472612","43","15.0","MEFTI MEFTI, ALI","18004218","KARATE BERRIOZAR","NAV"
"2024-02-12 09:03:33.472898","48","12.5","HERNÁNDEZ PÉREZ, NICOLÁS","4008009","CLUB J.VIDAL","VAL"
"2024-02-12 09:03:33.473188","48","12.5","DIEZ CASTILLO, TOMAS FRANCISCO","1005927","CLUB FEDERACIÓN ANDALUZA DE KARATE","AND"
"2024-02-12 09:03:33.473518","48","12.5","SARNO TERNERO, DANIEL","9003793","KARATE SENSHI DOJO","CAT"
"2024-02-12 09:03:33.473804","48","12.5","FERRER REAL, IVAN","4007735","CLUB DE KARATE LA POBLA DE VALLBONA","VAL"
"2024-02-12 09:03:33.474091","48","12.5","RAMIREZ SMITH, MAX","1003696","C.D. GOJU RYU TORREMOLINOS","AND"
"2024-02-12 09:03:33.474388","48","12.5","PEREZ JIMENEZ, ISMAEL","1005877","C.D. MONTES DE KARATE","AND"
"2024-02-12 09:03:33.474697","48","12.5","GARCIA COSTA, JUAN","17004971","BUNKAI MURCIA","MUR"
"2024-02-12 09:03:33.474978","48","12.5","FANDOS SOÑEN, DAVID","2002383","GIMNASIO ARAGON MAURA","ARG"
"2024-02-12 09:03:33.475268","56","10.0","MEDINILLA AGÜERA, JAVIER JESÚS","1005804","C.D. KURO OBI","AND"
"2024-02-12 09:03:33.475623","56","10.0","HEREDIA DELGADO, MANUEL","1005445","C.D. WADOKAN","AND"
"2024-02-12 09:03:33.475954","56","10.0","MODU VILLAR, AGUSTIN EKOKA","4008362","C.D. KAZOKUSPORT","VAL"
"2024-02-12 09:03:33.476292","56","10.0","SORIA ACHIG, ABEL","2005237","C.D. NIZAR","ARG"
"2024-02-12 09:03:33.476656","56","10.0","DU, WANG DA","1005568","CLUB DE KARATE NITEN","AND"
"2024-02-12 09:03:33.476998","56","10.0","DOMÍNGUEZ FERNANDEZ, DAVID","8005474","CLUB BAÑEZANO DE DEPORTES Y NATURALEZA","CAL"
"2024-02-12 09:03:33.477346","56","10.0","JIMENEZ DIAZ, ALEJANDRO","1001484","C.D. WENCESLAO ANGULO SHITO RYU","AND"
"2024-02-12 09:03:33.477728","56","10.0","DUARTE MOLINERO, JESUS","15321578","SEIKEN-DO","MAD"
"2024-02-12 09:03:33.478063","56","10.0","STEWART, HARRY","5008381","SUHARI-LANZAROTE","CNR"
"2024-02-12 09:03:33.478418","65","5.0","SIURANA SORIANO, XAVIER","4003607","C.D. KARATE LA LLUM XIRIVELLA","VAL"
"2024-02-12 09:03:33.478765","65","5.0","MACIAS RODRÍGUEZ, PEDRO","1005491","C.D. WADOKAN","AND"
"2024-02-12 09:03:33.479105","65","5.0","CASTRO FERNANDEZ, GERSON","4008178","CLUB KARATE JUAN MUÑOZ RUIZ","VAL"
"2024-02-12 09:03:33.479450","65","5.0","LOPEZ OBRADOR, GUILLERMO","4008177","C.D. SHINGITAI","VAL"
"2024-02-12 09:03:33.479791","65","5.0","BALLESTEROS PAVON, AITOR","15007189","C.D.GO-PAI SPORT","MAD"
"2024-02-12 09:03:33.480125","65","5.0","HERVER FERNANDEZ, SERGI","20000026","KARATE XAVI ANDORRA","AN"
"2024-02-12 09:03:33.480520","65","5.0","RUBIO ROJAS, GUILLERMO","17005021","CLUB SHOTOKAN CIEZA-KEN WA","MUR"
"2024-02-12 09:03:33.480845","65","5.0","BAZO SOLORZANO, ENRIQUE","5007818","C.D. SHURITE-LK","CNR"
"2024-02-12 09:03:33.491025","1","3532.5","GARCIA LOZANO, PAOLA","15304681","KUMO SPORT","MAD"
"2024-02-12 09:03:33.491423","2","1732.5","LÓPEZ PINTADO, MARIA","9002339","CLUB KARATE MONTORNÉS","CAT"
"2024-02-12 09:03:33.491755","3","1657.5","SÁNCHEZ JAIME, SANDRA","7002089","_INDEPENDIENTES","CLM"
"2024-02-12 09:03:33.492069","4","1552.5","SAVOY MEDERO, SABRINA","1003650","C.D. OLYMPIC KARATE MARBELLA","AND"
"2024-02-12 09:03:33.492360","5","1507.5","ROY RUBIO, RAQUEL","14002241","SHIN DO SANKUKAI","RIO"
"2024-02-12 09:03:33.492694","6","1337.5","RODRIGUEZ ENCABO, LIDIA","15001635","KYODAI KARATE GALÁN","MAD"
"2024-02-12 09:03:33.492984","7","1117.5","MORALES OZUNA, GEMA","15001573","KARATE CIUDAD DE ROMA","MAD"
"2024-02-12 09:03:33.493273","8","802.5","ESCUDERO SOLIS, NURIA","15001562","C.D. PABLO ARMENTEROS","MAD"
"2024-02-12 09:03:33.493615","9","727.5","SAN FRANCISCO JEREZ, MARIA","4007949","C.D. KAZOKUSPORT","VAL"
"2024-02-12 09:03:33.493896","10","327.5","GUARDEÑO LEON, CARLA","15001273","KYODAI KARATE GALÁN","MAD"
"2024-02-12 09:03:33.494832","11","260.5","ALCARAZ CARRION, IRENE YAO","15312511","KUMO SPORT","MAD"
"2024-02-12 09:03:33.495924","12","237.5","LOPEZ PINTADO, TERESA","9004598","CLUB KARATE MONTORNÉS","CAT"
"2024-02-12 09:03:33.496239","13","232.5","TABUENCA SERRANO, SARA","14002589","SHIN DO SANKUKAI","RIO"
"2024-02-12 09:03:33.496569","14","210.0","BARCIELA SAN NARCISO, ZENAIDA","15001037","KYODAI KARATE GALÁN","MAD"
"2024-02-12 09:03:33.496861","15","200.0","GÓMEZ-HIDALGO TENORIO, AINARA","15312986","KYODAI KARATE GALÁN","MAD"
"2024-02-12 09:03:33.497153","16","155.0","PESTANA DE LA FE, TARAHIS","5007754","GANKAKU","CNR"
"2024-02-12 09:03:33.497474","17","100.0","RIESTRA CALOMARDE, CARLA","4004207","KARATE CLUB SAN VICENTE","VAL"
"2024-02-12 09:03:33.497764","17","100.0","ARENAS MORENO, ROCIO","15002278","KYODAI KARATE GALÁN","MAD"
"2024-02-12 09:03:33.498056","19","97.5","ALVAREZ FOTHERINGHAM, JULIETA","1001425","C.D. OLYMPIC KARATE MARBELLA","AND"
"2024-02-12 09:03:33.498342","20","90.0","ORBE ARCOS, CRISTINA DENISSE","15309932","SHOTOKAN JORGE ROMERO","MAD"
"2024-02-12 09:03:33.498665","21","80.0","MUÑOZ FERNANDEZ, INÉS","15309982","KYODAI KARATE GALÁN","MAD"
"2024-02-12 09:03:33.498953","22","72.5","BILBAO PÉREZ, NAIA","19005751","SANTA TERESA","PVS"
"2024-02-12 09:03:33.499242","23","62.5","LUENGO ZUBALEZ, MARIA","14005388","SANKUKAI","RIO"
"2024-02-12 09:03:33.499714","24","60.0","MARTINEZ SUAREZ, SONIA","8005209","C.D. BUDOKAN VALLADOLID","CAL"
"2024-02-12 09:03:33.500280","25","57.5","ARMADA RUIZ, ANDREA ALEJANDRA","7006282","ESCUELA DE KARATE MUKIN SHORI","CLM"
"2024-02-12 09:03:33.502288","26","55.0","HUERTA HERNÁNDEZ, ROCÍO","4002147","C.D. KAZOKUSPORT","VAL"
"2024-02-12 09:03:33.502702","26","55.0","MARTÍN DÍAZ, ALBA","11019980","CLUB KARATE SHIMAI","EXT"
"2024-02-12 09:03:33.503058","26","55.0","CIFUENTES RODRIGUEZ, NEREA","15001458","CLUB VICTOR PRADERA-OLIMPIA","MAD"
"2024-02-12 09:03:33.503424","26","55.0","LÓPEZ GÓMEZ, LUCÍA","13005138","TOT ESPORT CALVIA","BAL"
"2024-02-12 09:03:33.503756","26","55.0","ESCUER PRIMS, INGRID","18004854","GIMNASIO BONAFAU I","NAV"
"2024-02-12 09:03:33.504069","31","53.0","RUIZ GARCÍA, BLANCA","4004043","C.D. KAZOKUSPORT","VAL"
"2024-02-12 09:03:33.505385","32","52.5","LARRINAGA BILBAO, MAREN","19005750","SANTA TERESA","PVS"
"2024-02-12 09:03:33.506314","33","50.0","RUIZ GARCÍA, ALBA","4001466","C.D. KAZOKUSPORT","VAL"
"2024-02-12 09:03:33.507084","34","42.5","OTERO CORUJO, PAULA","3004943","REAL GRUPO DE CULTURA COVADONGA","AST"
"2024-02-12 09:03:33.507840","34","42.5","GONZÁLEZ ARANDILLA, OLATZ","6005233","E.K.COMILLAS","CNT"
"2024-02-12 09:03:33.508525","34","42.5","CORONIL VILLA, MIRYAM","14002594","SHIN DO SANKUKAI","RIO"
"2024-02-12 09:03:33.509003","37","40.0","AGUDO MONTERO, ELENA","4004039","C.D. KAZOKUSPORT","VAL"
"2024-02-12 09:03:33.509403","37","40.0","HERNANDEZ GÜELL, PAULA","15310090","KUMO SPORT","MAD"
"2024-02-12 09:03:33.509765","39","37.5","ORTIZ LOPEZ, HELENA","9003582","CLUB KARATE MONTORNÉS","CAT"
"2024-02-12 09:03:33.510114","40","35.0","ENNKHAILI ANQOUD, OLAYA","14003715","SANKUKAI","RIO"
"2024-02-12 09:03:33.510481","40","35.0","SUAREZ DOMINGUEZ, AINHOA","5007824","GANKAKU","CNR"
"2024-02-12 09:03:33.510829","42","33.0","CARRIÇO DA CRUZ, ANA SOFIA","15317883","CLUB FEDERACIÓN MADRILEÑA DE KARATE","MAD"
"2024-02-12 09:03:33.511171","42","33.0","QUIROZ CASTILLO, YANETH","15317888","KUMO SPORT","MAD"
"2024-02-12 09:03:33.511523","44","30.0","CASTELLANO CURBELO, VARINIA","5007756","CLUB DEPORTIVO KINAMIC KARATE","CNR"
"2024-02-12 09:03:33.511869","44","30.0","TORRES FERNANDEZ, OIHANE","18004793","ADAKA","NAV"
"2024-02-12 09:03:33.512213","44","30.0","HIDALGO MÉNDEZ, MARIA","4007956","CLUB DEPORTIVO KYODAI","VAL"
"2024-02-12 09:03:33.512567","44","30.0","MARTÍNEZ PÉREZ, MARTA","5007783","GIMNASIO VISTABELLA","CNR"
"2024-02-12 09:03:33.512948","44","30.0","NAUD UREÑA, LAURA","9003580","CLUB KARATE MONTORNÉS","CAT"
"2024-02-12 09:03:33.513292","44","30.0","RUBIO PÉREZ, CRISTINA","15003351","C.D. KIME MADRID","MAD"
"2024-02-12 09:03:33.513651","50","27.5","MONTAÑES BERICAT, LEYRE","2004117","SOCIEDAD DEPORTIVA SHURIYAMA","ARG"
"2024-02-12 09:03:33.513987","51","25.0","SÁNCHEZ HERNÁNDEZ, DANIELA","8002903","C.D. LA LUNA","CAL"
"2024-02-12 09:03:33.514340","51","25.0","ORDOÑEZ QUIROS, CRISTINA","1005408","C.D. SHOTOKAN KARATE OKINAWA","AND"
"2024-02-12 09:03:33.514698","51","25.0","MARTÍN DÍAZ, LAURA","11019981","CLUB KARATE SHIMAI","EXT"
"2024-02-12 09:03:33.515028","54","20.0","RUIZ MAS, NORA","15011577","CLUB VICTOR PRADERA-EUROPA","MAD"
"2024-02-12 09:03:33.515361","54","20.0","GAMIZ NIETO, CARLA","9005758","CLUB KIHON","CAT"
"2024-02-12 09:03:33.515735","54","20.0","ALONSO ALVAREZ, LAURA","3005047","REAL GRUPO DE CULTURA COVADONGA","AST"
"2024-02-12 09:03:33.516067","57","17.5","ANDRES LAHOZ, PAULA","2005550","SOCIEDAD DEPORTIVA SHURIYAMA","ARG"
"2024-02-12 09:03:33.516416","57","17.5","RAMOS OSORIO, PAULA","12005134","ESCUELA DE KÁRATE LUCUS","GAL"
"2024-02-12 09:03:33.516762","59","15.0","ARTEAGA CARNERERO, ZAINA","15002280","KARATE CIUDAD DE ROMA","MAD"
"2024-02-12 09:03:33.517182","59","15.0","LORENZO CATALÁN, ÁFRICA","4002149","KARATE MARCE","VAL"
"2024-02-12 09:03:33.517545","59","15.0","TORRES MORENO, ISABEL","15003768","KYODAI KARATE GALÁN","MAD"
"2024-02-12 09:03:33.517895","59","15.0","PESTANA DE LA FE, CATHAYSA MARIA","5007753","GANKAKU","CNR"
"2024-02-12 09:03:33.518228","59","15.0","GONZALEZ SANTOS, PAULA","7004111","C.D. SHOTOKAN CARRETERO","CLM"
"2024-02-12 09:03:33.518589","59","15.0","CAMPOS REYNES, SARA","4007827","C.D. KAZOKUSPORT","VAL"
"2024-02-12 09:03:33.518952","59","15.0","LOPEZ GOMEZ, SONIA","7001154","C.D. SHOTOKAN CARRETERO","CLM"
"2024-02-12 09:03:33.519296","59","15.0","LLAMAZARES MENENDEZ, DEVA","3007125","CLUB KARATE AVILÉS","AST"
"2024-02-12 09:03:33.519651","59","15.0","VICENTE MATEO, EVA","4008028","CLUB DEPORTIVO KYODAI","VAL"
"2024-02-12 09:03:33.519989","68","12.5","PÉREZ SEGURA, LIDIA","2002389","SOCIEDAD DEPORTIVA SHURIYAMA","ARG"
"2024-02-12 09:03:33.520386","68","12.5","VILLANUEVA SANCHEZ, AINHOA","18004889","GIMNASIO BONAFAU I","NAV"
"2024-02-12 09:03:33.520709","68","12.5","MORENO WILKINSON, JESSICA","1002382","C.D. GOJU RYU TORREMOLINOS","AND"
"2024-02-12 09:03:33.521226","71","10.0","MARRERO DEL PINO, CARLA","5008188","ECHEYDE","CNR"
"2024-02-12 09:03:33.521561","71","10.0","BREDOUX SANCHEZ, CARLA","1001424","C.D. OLYMPIC KARATE MARBELLA","AND"
"2024-02-12 09:03:33.521857","71","10.0","BORGES LOPEZ, LETICIA","12105108","BUNKAI","GAL"
"2024-02-12 09:03:33.522157","71","10.0","DELGADO MEJÍAS, ESTEFANÍA","5008345","C.D. SHURITE-LK","CNR"
"2024-02-12 09:03:33.522475","71","10.0","GONZALEZ PEREZ, LORENA","8001389","MASTER 10","CAL"
"2024-02-12 09:03:33.522766","71","10.0","GARCIA GUTIERREZ, LUCIA","6004740","BEZANA","CNT"
"2024-02-12 09:03:33.523060","71","10.0","ALIJAS JUSTEL, MIRIAM","8005456","CLUB BAÑEZANO DE DEPORTES Y NATURALEZA","CAL"
"2024-02-12 09:03:33.523381","71","10.0","PERNAUTE ANDRÉS, ANDREA","2005552","SOCIEDAD DEPORTIVA SHURIYAMA","ARG"
"2024-02-12 09:03:33.523685","71","10.0","DEL CASTILLO TOQUERO, MARIA","8005316","FUJISAN - PALENCIA","CAL"
"2024-02-12 09:03:33.523976","80","5.0","AYÚCAR ARCAUZ, BIDANE","6005343","CLUB FEDERACIÓN CÁNTABRA DE KARATE","CNT"
"2024-02-12 09:03:33.524274","80","5.0","ALVAREZ CORDERO, LUCIA","8005454","C.D. LA LUNA","CAL"
"2024-02-12 09:03:33.524584","80","5.0","PLATAS CAMIO, AINHIZE","19005314","C.D. OSASUN DO","PVS"
"2024-02-12 09:03:33.524880","80","5.0","CALQUIN JOFRE, JOSEFA ANTONIA","15317909","KYODAI KARATE GALÁN","MAD"
"2024-02-12 09:03:33.525174","80","5.0","ALONSO ALAÑA, MIRIAM","8005462","ESCUELA DE KARATE ISHIKAWA","CAL"
"2024-02-12 09:03:33.525484","80","5.0","ROTGER ALZINA, IRENE","13005239","MOTA","BAL"
"2024-02-12 09:03:33.525775","80","5.0","VEIRAS YANES, ELENA","5008192","GIMNASIO VISTABELLA","CNR"
"2024-02-12 09:03:33.526107","80","5.0","SÁNCHEZ JIMÉNEZ, ALICIA","4007954","CLUB DEPORTIVO KYODAI","VAL"
"2024-02-12 09:03:33.526536","80","5.0","RODRIGO FRECHILLA, AINHIZE","19005087","C.D. OSASUN DO","PVS"
"2024-02-12 09:03:33.526837","80","5.0","ABELLAN GARCIA, TANIA","17005020","CLUB FEDERACIÓN DE KARATE REGIÓN DE MURCIA","MUR"
"2024-02-12 09:03:33.527143","80","5.0","DOMINGUEZ CEDILLO, CARLOTA","15006118","SAISHO UTRERA","MAD"
"2024-02-12 09:03:33.527457","80","5.0","SUÁREZ PÉREZ, SHEILA","5007870","C.D. SHURITE-LK","CNR"
"2024-02-12 09:03:33.527777","80","5.0","LORENZO CATALÁN, CARIBE","4005009","KARATE MARCE","VAL"
"2024-02-12 09:03:33.528117","80","5.0","RUIZ RUIZ, MARI CARMEN","9003790","KARATE SENSHI DOJO","CAT"
"2024-02-12 09:03:33.535935","1","4730.0","QUINTERO CAPDEVILA, DAMIAN HUGO","1005540","C.D. GOJU RYU TORREMOLINOS","AND"
"2024-02-12 09:03:33.536502","2","2037.5","MARTIN ROMERO, RAUL","15001637","C.D. PABLO ARMENTEROS","MAD"
"2024-02-12 09:03:33.537015","3","1577.5","GALAN LOPEZ, SERGIO","15001634","KYODAI KARATE GALÁN","MAD"
"2024-02-12 09:03:33.537568","4","1402.5","GARCIA CUADRADO, OSCAR","15002277","KYODAI KARATE GALÁN","MAD"
"2024-02-12 09:03:33.538051","5","905.5","MARTIN MONTENEGRO, IVAN","15001272","KUMO SPORT","MAD"
"2024-02-12 09:03:33.538601","6","837.5","HOFFMAN MOLINAS, ALEXANDRE","13002273","SONKEI","BAL"
"2024-02-12 09:03:33.539175","7","787.5","CATALÁN CARREIRA, ALEJANDRO","15309738","KUMO SPORT","MAD"
"2024-02-12 09:03:33.539756","8","692.5","MANZANA DIAZ, ALEJANDRO","7005214","AEROGYM 2000","CLM"
"2024-02-12 09:03:33.540349","9","637.5","CARBONELL LOPEZ, JOSE MANUEL","4008278","C.D. KAZOKUSPORT","VAL"
"2024-02-12 09:03:33.540891","10","425.5","CAO CALVO, PABLO","15003167","KARATE CIUDAD DE ROMA","MAD"
"2024-02-12 09:03:33.541189","11","390.0","TARDÍO ROYO, MARIO","4002143","C.D. KAZOKUSPORT","VAL"
"2024-02-12 09:03:33.541506","12","332.5","RUIZ TORRE, MARTÍN","6005072","E.K.COMILLAS","CNT"
"2024-02-12 09:03:33.541805","13","270.0","ARRIBAS RODRIGUEZ, JOSE Mª","15012904","KYODAI KARATE GALÁN","MAD"
"2024-02-12 09:03:33.542091","14","235.5","BALBUENA CISNEROS, SALVADOR","1002638","C.D. GOJU RYU TORREMOLINOS","AND"
"2024-02-12 09:03:33.542396","15","227.5","RUBIO PEREZ, IVAN DANIEL","15002175","C.D. KIME MADRID","MAD"
"2024-02-12 09:03:33.542693","16","223.0","JURADO GUZMAN, FRANCISCO JAVIER","15312232","KYODAI KARATE GALÁN","MAD"
"2024-02-12 09:03:33.542975","17","195.0","ESPADAS HERRERA, XAVIER","13005137","KARATE CLUB ESPADAS","BAL"
"2024-02-12 09:03:33.543256","18","172.5","HERNÁNDEZ MORENO, DIEGO","5004843","GIMNASIO VISTABELLA","CNR"
"2024-02-12 09:03:33.543578","19","152.5","UTRERA VAZQUEZ, DANIEL","15001532","SAISHO UTRERA","MAD"
"2024-02-12 09:03:33.543870","20","150.0","RIESTRA CALOMARDE, CARLA","4004207","KARATE CLUB SAN VICENTE","VAL"
"2024-02-12 09:03:33.544151","21","142.5","ROY RUBIO, ALFREDO","14002247","SHIN DO SANKUKAI","RIO"
"2024-02-12 09:03:33.544470","22","125.0","GALAN LACON, ALEJANDRO","15009672","OLIMPIA","MAD"
"2024-02-12 09:03:33.544763","23","117.5","PIÑANGO HERRERA, FERNANDO","4007946","CLUB DEPORTIVO KYODAI","VAL"
"2024-02-12 09:03:33.545043","24","110.0","GONZALEZ ALVAREZ, IGNACIO MANUEL","3002850","ARENAS KARATE","AST"
"2024-02-12 09:03:33.545328","25","102.5","GOMBAU SOCIAS, GERARD","9003777","AE KARATE KOBUDO TRADICIONAL PIRINEUS","CAT"
"2024-02-12 09:03:33.545650","26","87.5","GODA LÓPEZ, MARCOS","4002159","C.D. KAZOKUSPORT","VAL"
"2024-02-12 09:03:33.545936","27","77.5","GONZALEZ, SEBASTIAN","17011908","HIKARI KARATE CLUB","MUR"
"2024-02-12 09:03:33.546217","28","70.0","VALDIVIA MIRANDA, JORDI","9005180","CLUB ESPORTIU MEDITERRANI","CAT"
"2024-02-12 09:03:33.546522","29","60.0","MOREIRA FERNANDES, SILVIO","20000027","KARATE XAVI ANDORRA","AN"
"2024-02-12 09:03:33.546814","29","60.0","PALOMAR MATEO, SERGIO","2005360","IPPONGYM","ARG"
"2024-02-12 09:03:33.547094","31","55.0","CONDE AZON, ADRIÁN","2005553","SOCIEDAD DEPORTIVA SHURIYAMA","ARG"
"2024-02-12 09:03:33.547396","32","50.0","PARRA RAMIREZ, MARIO","15001107","LORENZO PARRA","MAD"
"2024-02-12 09:03:33.547731","33","47.5","BAZO SOLORZANO, ENRIQUE","5007818","C.D. SHURITE-LK","CNR"
"2024-02-12 09:03:33.548054","34","45.0","PICO CABIRO, SERGI","13003626","SONKEI","BAL"
"2024-02-12 09:03:33.548404","35","42.5","BRETOS TABAR, ENRIQUE","18002438","GIMNASIO BONAFAU I","NAV"
"2024-02-12 09:03:33.548746","36","40.0","MARTINEZ JIMÉNEZ, RUBEN","4007953","CLUB DEPORTIVO KYODAI","VAL"
"2024-02-12 09:03:33.549069","36","40.0","SANTESTEBAN ESPUELAS, BORJA","18004853","GIMNASIO BONAFAU II","NAV"
"2024-02-12 09:03:33.549413","36","40.0","ORDÓÑEZ QUIROS, JOSE ANTONIO","1005145","C.D. SHOTOKAN KARATE OKINAWA","AND"
"2024-02-12 09:03:33.549750","39","37.5","JIMENEZ DIAZ, ALEJANDRO","1001484","C.D. WENCESLAO ANGULO SHITO RYU","AND"
"2024-02-12 09:03:33.550074","40","35.0","ZAMORANO MERINO, MIGUEL","4007944","CLUB DEPORTIVO KYODAI","VAL"
"2024-02-12 09:03:33.550431","40","35.0","DEL VALLE CATALÁ, FRANCESC","13002270","SONKEI","BAL"
"2024-02-12 09:03:33.550770","42","32.5","TORRENS URRA, IKER","18004899","GIMNASIO BONAFAU I","NAV"
"2024-02-12 09:03:33.551096","43","30.0","PALOMO CAMPOS, CARLOS","15305848","FRANCISCO MAYORAL","MAD"
"2024-02-12 09:03:33.551441","43","30.0","HERNÁNDEZ MONTERO, PEDRO","4002168","C.D. KAZOKUSPORT","VAL"
"2024-02-12 09:03:33.551784","43","30.0","GARCIA PEREZ, GUILLERMO","15005528","C.D.E. KARATE AULA III","MAD"
"2024-02-12 09:03:33.552108","43","30.0","OSUNA ABADIAS, RAUL","2005546","SOCIEDAD DEPORTIVA SHURIYAMA","ARG"
"2024-02-12 09:03:33.552431","43","30.0","FUERTES LÓPEZ, DIEGO","8005622","MASTER 10","CAL"
"2024-02-12 09:03:33.552751","43","30.0","ZAMORANO MERINO, SERGIO","4007945","CLUB DEPORTIVO KYODAI","VAL"
"2024-02-12 09:03:33.553036","43","30.0","BÁRCENA GONZÁLEZ, ENOL","6005130","E.K.COMILLAS","CNT"
"2024-02-12 09:03:33.553338","43","30.0","GONZALEZ HUERTAS, EKHIOTZ","19005070","C.D. OSASUN DO","PVS"
"2024-02-12 09:03:33.553665","51","20.0","MEDINILLA AGÜERA, JAVIER JESÚS","1005804","C.D. KURO OBI","AND"
"2024-02-12 09:03:33.553951","51","20.0","CEREZO JIMENEZ, ALBERTO","15006313","KUMO SPORT","MAD"
"2024-02-12 09:03:33.554236","51","20.0","TAMARGO SALGADO, SERGIO","3004939","REAL GRUPO DE CULTURA COVADONGA","AST"
"2024-02-12 09:03:33.554556","51","20.0","FERNÁNDEZ PERIS, SANTIAGO","4007955","CLUB DEPORTIVO KYODAI","VAL"
"2024-02-12 09:03:33.554853","51","20.0","RODRIGUEZ-FLORES GARCIA, ADRIAN","4007685","C.D. KAZOKUSPORT","VAL"
"2024-02-12 09:03:33.555139","56","17.5","BAZO SOLORZANO, EDUARDO","5007817","C.D. SHURITE-LK","CNR"
"2024-02-12 09:03:33.555444","56","17.5","RODRIGUEZ REBOREDO, ANDER","19005085","C.D. OSASUN DO","PVS"
"2024-02-12 09:03:33.555761","58","15.0","GARCIA CUADRADO, RUBEN","15001575","KARATE CIUDAD DE ROMA","MAD"
"2024-02-12 09:03:33.556047","58","15.0","ESQUIVEL SIGUT, DAMIÁN","5008300","C.D. SHURITE-LK","CNR"
"2024-02-12 09:03:33.556337","58","15.0","BENITA TORRES, ALVARO","4008034","TAMASHI-DO","VAL"
"2024-02-12 09:03:33.556658","58","15.0","CONNOLLY, HUGH","6005308","BEZANA","CNT"
"2024-02-12 09:03:33.556942","58","15.0","GARCIA LUNA, CARLOS","15008997","C.D.E. MIRIAM COGOLLUDO","MAD"
"2024-02-12 09:03:33.557251","58","15.0","TORRES HERNANDEZ, KENAI","7006389","SAKATA","CLM"
"2024-02-12 09:03:33.557566","58","15.0","ALONSO CESPEDES, HECTOR","4001258","KARATE CLUB SAN VICENTE","VAL"
"2024-02-12 09:03:33.557865","65","12.5","MUÑOZ DE LA FLOR, ISMAEL","15307842","KUMO SPORT","MAD"
"2024-02-12 09:03:33.558153","65","12.5","CAMARA LOPEZ, ENEKO","19004875","SANTA TERESA","PVS"
"2024-02-12 09:03:33.558463","65","12.5","LOZANO FERNANDEZ, ANTONIO","11021850","VIVEVIEN","EXT"
"2024-02-12 09:03:33.558758","65","12.5","BOTRÁN DE CASTRO, ÓSCAR","8005845","C.D. BUDOKAN VALLADOLID","CAL"
"2024-02-12 09:03:33.559038","65","12.5","NIETO MADRUGA, ENRIQUE","8005614","C.D. LA LUNA","CAL"
"2024-02-12 09:03:33.559319","65","12.5","MAYO CORREA, JOSE MANUEL","3006012","ARENAS KARATE","AST"
"2024-02-12 09:03:33.559639","65","12.5","GARCIA GONZALEZ, JUAN VICENTE","17010106","SHOGUN","MUR"
"2024-02-12 09:03:33.559924","65","12.5","NUÑEZ PAZOS, DANIEL","8003803","INOCHI RYU","CAL"
"2024-02-12 09:03:33.560246","65","12.5","CABELLO CROZET, MATEO","1005005","C.D. GOJU RYU TORREMOLINOS","AND"
"2024-02-12 09:03:33.560558","74","10.0","MARTINEZ SUAREZ, ANDRES","3004941","REAL GRUPO DE CULTURA COVADONGA","AST"
"2024-02-12 09:03:33.560851","74","10.0","CHINEA CORREA, DIEGO","5008182","C.D. SHURITE-LK","CNR"
"2024-02-12 09:03:33.561134","74","10.0","JIMENEZ MATEO, ANDER","18004815","GIMNASIO BONAFAU I","NAV"
"2024-02-12 09:03:33.561439","74","10.0","KRINGS LAFUENTE, SVEN","4008353","C.D. KAZOKUSPORT","VAL"
"2024-02-12 09:03:33.561735","74","10.0","BARBA ÁLVAREZ, ALEX","3004946","ARENAS KARATE","AST"
"2024-02-12 09:03:33.562020","74","10.0","GONZÁLEZ RUIZ, DAVID SINAÍ","5008220","C.D. SHURITE-LK","CNR"
"2024-02-12 09:03:33.562344","74","10.0","DE LA PEÑA VITURRO, PARIS","12100460","ASOCIACIÓN DEPORTIVA DO COTO","GAL"
"2024-02-12 09:03:33.562842","74","10.0","ACOSTA MATEO, JAVIER","5007911","GANKAKU","CNR"
"2024-02-12 09:03:33.563147","82","5.0","PEREZ SILVA, SERGIO","2005412","IPPONGYM","ARG"
"2024-02-12 09:03:33.563483","82","5.0","RUIZ RUIZ, JOSE LUIS","6002950","E.K.COMILLAS","CNT"
"2024-02-12 09:03:33.563913","82","5.0","AGUSTI RUBI, OSCAR","4002512","C.D. KAZOKUSPORT","VAL"
"2024-02-12 09:03:33.564216","82","5.0","IZQUIERDO VICEDO, JAVIER","4008126","KARATE CLUB SAN VICENTE","VAL"
"2024-02-12 09:03:33.564532","82","5.0","GARCÍA GRACIA, JOSE  ANTONIO","13010424","S.A.M.Y.D. IBIZA","BAL"
"2024-02-12 09:03:33.564874","82","5.0","ÁLVAREZ MARTÍN, SALVADOR","5008121","CLUB KARATE ARGE CASA DE VENEZUELA","CNR"
"2024-02-12 09:03:33.565164","82","5.0","VIDAL ESTRUCH, JOAN MARC","4007851","C.D. TORA KAI KARATE DO","VAL"
"2024-02-12 09:03:33.565481","82","5.0","JIMENEZ HERNANDEZ, AGUSTIN","8005453","C.D. LA LUNA","CAL"
"2024-02-12 09:03:33.565789","82","5.0","SÁNCHEZ MÉNDEZ, MARCOS","3006329","CLUB FEDERACIÓN ASTURIANA DE KARATE","AST"
"2024-02-12 09:03:33.566075","82","5.0","IGLESIAS GARCIA, MANUEL","4007616","CLUB KARATE DO SHOTOKAN CHAZARRA","VAL"
"2024-02-12 09:03:33.566400","82","5.0","ESTEVE SANCHEZ, MANUEL","4007809","C.D. KAZOKUSPORT","VAL"
"2024-02-12 09:03:33.566708","82","5.0","FERNANDEZ FRAILE, ALEJANDRO","4008175","KARATE MARCE","VAL"
"2024-02-12 09:03:33.566989","82","5.0","GONZALEZ PEREZ, ALEJANDRO","1005132","C.D. GOJU RYU TORREMOLINOS","AND"
"2024-02-12 09:03:33.567275","82","5.0","GARCIA LUNA, DIEGO","15008998","C.D.E. MIRIAM COGOLLUDO","MAD"
"2024-02-12 09:03:33.567580","82","5.0","KIMURA THIAGO, DYUN","15319897","KYODAI KARATE GALÁN","MAD"
"2024-02-12 09:03:33.567877","82","5.0","RIVAS MONFERRER, HECTOR","4007721","C.D. KAZOKUSPORT","VAL"
"2024-02-12 09:03:33.568162","82","5.0","ESPARZA ASIAIN, GONZALO","15007943","KYODAI KARATE GALÁN","MAD"
"2024-02-12 09:03:33.568487","82","5.0","FERREIRA GRILLO, DIOGO","15317659","CLUB FEDERACIÓN MADRILEÑA DE KARATE","MAD"
"2024-02-12 09:03:33.568794","82","5.0","PASCUAL VILLAR, AITOR","4008026","CLUB DEPORTIVO KYODAI","VAL"
"2024-02-12 09:03:33.569074","82","5.0","GONZALEZ ALBERT, PABLO","4007719","C.D. KAZOKUSPORT","VAL"
"2024-02-12 09:03:33.605010","1","2937.5","LORENZO COUSO, RUTH","12002021","SAN FRANCISCO TEO","GAL"
"2024-02-12 09:03:33.605472","2","2017.5","PEREIRA VILLALOBOS, SONIA","4004225","KENKYO","VAL"
"2024-02-12 09:03:33.605938","3","812.5","FERNANDEZ OSORIO, CARLOTA","6005128","CLUB KIME","CNT"
"2024-02-12 09:03:33.606272","4","502.5","LOBATO SANCHEZ, IONA","17012563","HIKARI KARATE CLUB","MUR"
"2024-02-12 09:03:33.606623","5","497.5","CORTES MAYAS, MARTA","1003783","C.D. GO-DAI","AND"
"2024-02-12 09:03:33.606922","6","492.5","ÁLVAREZ MOLL, JUDITH","13005133","CLUB ESPORTIU FISICS CIUTADELLA","BAL"
"2024-02-12 09:03:33.607227","7","387.5","GARCIA CAPITAN, CARMEN","1002346","C.D. KARATE FUENGIROLA","AND"
"2024-02-12 09:03:33.607561","8","365.0","CAÑETE MAZON, NAIARA","3002881","GIMNASIO LINO","AST"
"2024-02-12 09:03:33.607863","9","362.5","ZULUETA, IRATI","19003711","GIMNASIO FITNESS GASTEIZ","PVS"
"2024-02-12 09:03:33.608163","10","350.0","LUENGO ZUBALEZ, MARIA","14005388","SANKUKAI","RIO"
"2024-02-12 09:03:33.608490","11","315.0","FERNANDEZ FERNANDEZ, MARIA","3006004","GIMNASIO LINO","AST"
"2024-02-12 09:03:33.608783","12","275.0","ÁVILA HOZ, LAURA","8005397","MASTER 10","CAL"
"2024-02-12 09:03:33.609076","13","257.5","MONTANER BARRIO, BERTA","14005171","C.D. KARATE SEIJAKU","RIO"
"2024-02-12 09:03:33.609385","14","200.0","ARRIBAS BERMUDO, ONEIDA","19005169","C.D. OSASUN DO","PVS"
"2024-02-12 09:03:33.609707","15","162.5","LUQUE PADILLA, VERONICA","7002299","KIDOKAN","CLM"
"2024-02-12 09:03:33.610005","16","155.0","TRENADO MARTINEZ, RUTH","1004591","C.D. NO-KACHI","AND"
"2024-02-12 09:03:33.610301","17","150.0","LOPEZ DE ALDA, UXUE","19005255","GIMNASIO FITNESS GASTEIZ","PVS"
"2024-02-12 09:03:33.610635","18","122.5","HUERGA MORILLA, LYDIA MARÍA","13011533","LARA ESCUELA DE ARTES MARCIALES","BAL"
"2024-02-12 09:03:33.610925","19","112.5","HERRERO VALCARCE, LUCÍA","12005111","KÁRATE RIVER STONE","GAL"
"2024-02-12 09:03:33.611243","19","112.5","AVILA HOZ, LAURA","6005564","GYAKUKAN","CNT"
"2024-02-12 09:03:33.611583","21","107.5","CASTRO RICO, ELENA","1005274","ASOCIACION KARATE AXARQUIA","AND"
"2024-02-12 09:03:33.611871","22","87.5","CHECA RIVERA, NATALIA","15009200","KARATE ANTONIO MACHADO","MAD"
"2024-02-12 09:03:33.612162","22","87.5","COMPANY COSTA, ALBA","9005242","KARATE NO KACHI LES FRANQUESES","CAT"
"2024-02-12 09:03:33.612482","24","82.5","RODRIGUEZ BRAVO, ELISABETH","4002198","CLUB J.VIDAL","VAL"
"2024-02-12 09:03:33.612771","25","80.0","LOPEZ ARANDA, EVA","1005189","C.D. NO-KACHI","AND"
"2024-02-12 09:03:33.613065","25","80.0","ÁLVAREZ FERNÁNDEZ, CELIA","3003835","GIMNASIO LINO","AST"
"2024-02-12 09:03:33.613354","27","70.0","PASCUAL FAJARDO, DACIL","5008382","GIMNASIO VISTABELLA","CNR"
"2024-02-12 09:03:33.613747","28","65.0","FERNANDEZ MIERA, DIANA","19002249","SANTA TERESA","PVS"
"2024-02-12 09:03:33.614049","29","62.5","HERNANDEZ PÉREZ, MONICA","4007897","CLUB DEPORTIVO KYODAI","VAL"
"2024-02-12 09:03:33.614343","30","60.0","GÓMEZ MORALES, LUCÍA","6005274","KARATE ABDO","CNT"
"2024-02-12 09:03:33.614679","31","50.0","ROMANO COLMENAREZ, DINIRA PAOLA","15003762","SENSHI-DO","MAD"
"2024-02-12 09:03:33.614976","32","42.5","KOUBISS AJOUB, WIAM","9005151","KARATE NO KACHI LES FRANQUESES","CAT"
"2024-02-12 09:03:33.615270","33","40.0","OTERO CORUJO, PAULA","3004943","REAL GRUPO DE CULTURA COVADONGA","AST"
"2024-02-12 09:03:33.615599","34","32.5","YÁNEZ RODRÍGUEZ, CARLA","5008390","CLUB DE KARATE HERMANOS ALEMAN","CNR"
"2024-02-12 09:03:33.615904","35","30.0","RODRÍGUEZ FIDALGO, Mª VICTORIA","5008215","CLUB DEPORTIVO KINAMIC KARATE","CNR"
"2024-02-12 09:03:33.616199","35","30.0","MORALES MARTORELL, ELIA","1006893","C.D. NO-KACHI","AND"
"2024-02-12 09:03:33.616874","37","27.5","NAUD UREÑA, LAURA","9003580","CLUB KARATE MONTORNÉS","CAT"
"2024-02-12 09:03:33.617565","38","25.0","CAZORLA VELASCO, CARLA","15003753","IVAN LEAL","MAD"
"2024-02-12 09:03:33.618169","38","25.0","RICO SANCHEZ, ROCIO","15001564","C.D.E. KENWA","MAD"
"2024-02-12 09:03:33.618557","38","25.0","RAMA CORDERO, LAURA","19004240","SANTA TERESA","PVS"
"2024-02-12 09:03:33.618906","38","25.0","ARIAS RIOZ, AINHOA","6005012","BUDOCLUB PARADISO","CNT"
"2024-02-12 09:03:33.619565","42","22.5","GARCÍA BALDOR, CRISTINA","6001223","CLUB KIME","CNT"
"2024-02-12 09:03:33.619876","43","15.0","MIKHALTSOVA, MARGARITA","5008224","CLUB FEDERACIÓN CANARIA DE KARATE","CNR"
"2024-02-12 09:03:33.620220","43","15.0","PAVON PUENTES, ALBA","15006076","_INDEPENDIENTES KARATE","MAD"
"2024-02-12 09:03:33.620554","43","15.0","DOSAL GONZALEZ, CECILIA","3006462","GIMNASIO LINO","AST"
"2024-02-12 09:03:33.620851","43","15.0","PRADOS GARZÓN, INÉS","1005566","CLUB DE KARATE NITEN","AND"
"2024-02-12 09:03:33.621283","47","12.5","GIL LANCHO, AINHARA","18004786","S.D.C. ECHAVACOIZ","NAV"
"2024-02-12 09:03:33.621626","47","12.5","FRAGA SALGADO, PATRICIA","3006071","CLUB FEDERACIÓN ASTURIANA DE KARATE","AST"
"2024-02-12 09:03:33.621931","47","12.5","FRUTOS ROMERO, OFELIA","8003800","CLUB FEDERACIÓN DE KARATE DE CASTILLA LEÓN","CAL"
"2024-02-12 09:03:33.622263","47","12.5","NIETO LOPEZ, MONICA","7003755","JINBUKAN","CLM"
"2024-02-12 09:03:33.622597","47","12.5","GARCIA ROMERO, ANA","1003971","CLUB KARATE ZANSHIN","AND"
"2024-02-12 09:03:33.622911","52","10.0","LÓPEZ-CAÑADILLAS LARA, CLAUDIA","7001034","JINBUKAN","CLM"
"2024-02-12 09:03:33.623219","52","10.0","CORDERO SANCHEZ, IRENE","3006081","ARENAS KARATE","AST"
"2024-02-12 09:03:33.623539","52","10.0","DE LA ROSA LLAMAS, ADA","5008236","ECHEYDE","CNR"
"2024-02-12 09:03:33.623832","52","10.0","SACRISTAN BUENO, ANA","5007955","GANKAKU","CNR"
"2024-02-12 09:03:33.624181","56","5.0","EGEA COLADO, LAURA","15008531","KENZO SPORT","MAD"
"2024-02-12 09:03:33.624510","56","5.0","GARCÍA BAZ, LEIRE","19005761","SANTA TERESA","PVS"
"2024-02-12 09:03:33.624810","56","5.0","BARAHONA SEPULVEDA, DAYRA","15001406","C.D.E. DAYA","MAD"
"2024-02-12 09:03:33.625112","56","5.0","PENAVA SOLER, PAULA","4007700","CLUB KARATE ALZIRA","VAL"
"2024-02-12 09:03:33.625434","56","5.0","APARICIO IVARS, LAURA","4008010","KARATE MARCE","VAL"
"2024-02-12 09:03:33.625819","56","5.0","MORILLO GARCIA, MARIA DE LA LUZ","5007898","ECHEYDE","CNR"
"2024-02-12 09:03:33.682394","1","4827.5","TORRES GARCIA, MARIA","1002126","C.D. TORRES KARATE","AND"
"2024-02-12 09:03:33.682771","2","1837.5","PASCUAL CHICO, MARTA","15002165","SEIKEN-DO","MAD"
"2024-02-12 09:03:33.682994","3","1487.5","ROMERO VAZQUEZ, ANDREA","1003858","C.D. SHOTOYAMA KARATE","AND"
"2024-02-12 09:03:33.683207","4","1212.5","MORENO RESA, LAURA","14005173","C.D. KARATE SEIJAKU","RIO"
"2024-02-12 09:03:33.683483","5","647.5","NIETO SANCHEZ, CAROLINA","15001887","IVAN LEAL","MAD"
"2024-02-12 09:03:33.683696","6","477.5","MACIA GIMENEZ, LARA","2005544","SOCIEDAD DEPORTIVA SHURIYAMA","ARG"
"2024-02-12 09:03:33.683908","7","455.0","VIVES TORRENT, CARLA","4007699","CLUB KARATE ALZIRA","VAL"
"2024-02-12 09:03:33.684124","8","300.0","FERNANDEZ AGUILERA, ANDREA","9005223","KARATE NO KACHI LES FRANQUESES","CAT"
"2024-02-12 09:03:33.684328","9","272.5","ATIENZA CASERO, SARA","8005293","FUJISAN - PALENCIA","CAL"
"2024-02-12 09:03:33.684605","10","125.0","MOLINERO MENDEZ, CAROLINA","15002161","C.D. KIME MADRID","MAD"
"2024-02-12 09:03:33.684808","11","122.5","ROCHA LOPEZ, ALBA","12005175","BUNKAI","GAL"
"2024-02-12 09:03:33.685013","12","90.0","SAINZ VIARTOLA, MARTA","2005208","C.D. NIZAR","ARG"
"2024-02-12 09:03:33.685220","13","72.5","SUÁREZ PÉREZ, SHEILA","5007870","C.D. SHURITE-LK","CNR"
"2024-02-12 09:03:33.685513","14","55.0","PEREIRA LOPES, RAFAELA MARIA","15317498","CLUB FEDERACIÓN MADRILEÑA DE KARATE","MAD"
"2024-02-12 09:03:33.685729","15","37.5","HURLE GARCIA, GALA","3003837","CLUB FEDERACIÓN ASTURIANA DE KARATE","AST"
"2024-02-12 09:03:33.685938","16","30.0","ANTON SAMANIEGO, AROA","4003707","C.D. SHINGITAI","VAL"
"2024-02-12 09:03:33.686161","17","20.0","MESA GARCIA, NOEMI","5007758","CLUB FEDERACIÓN CANARIA DE KARATE","CNR"
"2024-02-12 09:03:33.686380","18","15.0","SAN JOSE GONZALEZ, PAULA","15004840","CLUB VICTOR PRADERA-EUROPA","MAD"
"2024-02-12 09:03:33.686604","19","12.5","MARTINEZ DIAGO, LUCIA","4008161","C.D. SAKURA","VAL"
"2024-02-12 09:03:33.686809","19","12.5","CINTAS DOMINGUEZ, PAULA","1005100","C D DAKENTAI","AND"
"2024-02-12 09:03:33.687113","19","12.5","ZIATI, WIAAM","9005479","CLUB KARATE SINHUS SPORT","CAT"
"2024-02-12 09:03:33.687641","19","12.5","PEROGIL CHAMORRO, ALBA","11018497","ASOCIACIÓN DEPORTIVA OAKI","EXT"
"2024-02-12 09:03:33.687875","19","12.5","ALONSO FEITO, RAQUEL","3002323","CLUB FEDERACIÓN ASTURIANA DE KARATE","AST"
"2024-02-12 09:03:33.688089","24","10.0","MESA GARCIA, NOEMI","5007956","SUHARI-LANZAROTE","CNR"
"2024-02-12 09:03:33.688292","24","10.0","MAZON ORTIZ, ANDREA","6004986","NORBERTO ORTIZ","CNT"
"2024-02-12 09:03:33.688560","26","5.0","BRITO VIDAL, SUSANA","5007886","CLUB DEPORTIVO ACD NEKO","CNR"
"2024-02-12 09:03:33.691821","1","3307.5","NIETO MEJÍAS, MARÍA ISABEL","8005843","C.D. FEDERADO KARATE HECTOR BARTOLOME","CAL"
"2024-02-12 09:03:33.692069","2","2042.5","GIL ALVAREZ, ADRIANA","3004089","ARENAS KARATE","AST"
"2024-02-12 09:03:33.692290","3","1062.5","ESCOBAR TERCIADO, IRENE","15003766","IVAN LEAL","MAD"
"2024-02-12 09:03:33.692570","4","775.0","GOMEZ RUIZ, CARLA","1001379","C.D. GO-DAI","AND"
"2024-02-12 09:03:33.692777","5","640.0","MAZON ORTIZ, ANDREA","6004986","NORBERTO ORTIZ","CNT"
"2024-02-12 09:03:33.692984","6","567.5","GÓMEZ ORTEGA, EVA","8005087","FUJISAN - PALENCIA","CAL"
"2024-02-12 09:03:33.693187","7","502.5","VAL LISA, CAROLINA","2005545","SOCIEDAD DEPORTIVA SHURIYAMA","ARG"
"2024-02-12 09:03:33.693650","8","450.0","GUERRERO MOURIZ, LUCÍA","12002913","RENBU-KAN","GAL"
"2024-02-12 09:03:33.693918","9","212.5","FONSECA ROMERO, JANESSA MICHELLE","15311111","IVAN LEAL","MAD"
"2024-02-12 09:03:33.694124","10","200.0","SALAZAR PRIETO, ANDREA","15002397","IVAN LEAL","MAD"
"2024-02-12 09:03:33.694326","11","197.5","RIVERO SAINZ, CRISTINA","6005278","KARATE ABDO","CNT"
"2024-02-12 09:03:33.694598","12","167.5","RONDÓN CABRERA, JOHANNA","5007836","KAIZEN KARATE CLUB","CNR"
"2024-02-12 09:03:33.694801","13","157.5","ARENAS GONZÁLEZ, ANA","4007896","CLUB DE KARATE SHOTOKAN CARRUS","VAL"
"2024-02-12 09:03:33.695008","14","145.0","DIEGO PEÑA, LUCIA","3006640","GIMNASIO LINO","AST"
"2024-02-12 09:03:33.695217","15","102.5","CABRA MAGAÑA, ANA","1003894","ASOCIACION KARATE AXARQUIA","AND"
"2024-02-12 09:03:33.695452","16","100.0","VALTIERRA CARBONERO, CRISTINA","15004211","C.D.E. G.A.M.A.","MAD"
"2024-02-12 09:03:33.695689","17","72.5","PINEÑO CORONEL, SARA","4004560","KARATE SHOTOKAN XIXONA","VAL"
"2024-02-12 09:03:33.695893","18","67.5","MARGÜELLES SERNA, LUCÍA","8005455","MASTER 10","CAL"
"2024-02-12 09:03:33.696093","19","62.5","HIDALGO MÉNDEZ, MARIA","4007956","CLUB DEPORTIVO KYODAI","VAL"
"2024-02-12 09:03:33.696301","20","60.0","FERNANDEZ REINA, AMELIA","7002571","KARATE ALMAGRO","CLM"
"2024-02-12 09:03:33.696563","21","55.0","FRESQUET PELAEZ, ELENA","4007828","CLUB KARATE ALZIRA","VAL"
"2024-02-12 09:03:33.696770","22","45.0","AKACHHIT, MALAK","2005361","C.D. NIZAR","ARG"
"2024-02-12 09:03:33.696971","23","37.5","MEJIAS ABADIAS, LUCIA","1005349","C.D. NIPPON SORA","AND"
"2024-02-12 09:03:33.697183","24","35.0","CASTAÑEDA, JEANETTE JUDITH NATALIA","15317614","IVAN LEAL","MAD"
"2024-02-12 09:03:33.697454","25","32.5","TEMPLADO GARCÍA, MIRANDA","3006254","KARATE CORVERA","AST"
"2024-02-12 09:03:33.697687","26","30.0","PEREZ ALGABA, NOELIA","7005241","OKINAWA","CLM"
"2024-02-12 09:03:33.697883","27","20.0","SUAREZ SUAREZ, TANIA","3005957","GIMNASIO LINO","AST"
"2024-02-12 09:03:33.698081","28","17.5","GEVORGYAN, TAMARA","7003756","JINBUKAN","CLM"
"2024-02-12 09:03:33.698280","28","17.5","CRISTOBAL RIBEIRO, BIANCA","2002833","SOCIEDAD DEPORTIVA SHURIYAMA","ARG"
"2024-02-12 09:03:33.698509","30","12.5","TIRADO GOMEZ, ZULAIMA","1002212","C.D. WENCESLAO ANGULO SHITO RYU","AND"
"2024-02-12 09:03:33.698703","30","12.5","PEROGIL CHAMORRO, ALBA","11018497","ASOCIACIÓN DEPORTIVA OAKI","EXT"
"2024-02-12 09:03:33.698902","30","12.5","ZARO ARRONDO, NAYRA","18004812","S.D.C. ECHAVACOIZ","NAV"
"2024-02-12 09:03:33.699105","30","12.5","CRIADO GUINALDO, JÉSSICA","12005178","BUNKAI","GAL"
"2024-02-12 09:03:33.699319","34","10.0","RODRIGUEZ VARELA, MARÍA","12102507","ESCUELA SUPERIOR DE KÁRATE NARÓN","GAL"
"2024-02-12 09:03:33.699566","34","10.0","ARENAS GONZÁLEZ, ANA","17012561","HIKARI KARATE CLUB","MUR"
"2024-02-12 09:03:33.699778","34","10.0","MENA SANCHEZ, ODEA DEL CARMEN","10000153","CLUB SEPAI","CEU"
"2024-02-12 09:03:33.699988","34","10.0","FATIH, KHANSAE","2005451","C.D. NIZAR","ARG"
"2024-02-12 09:03:33.700226","34","10.0","CASTELLANO SOTO, SILVIA DEL ROSARIO","5008392","CLUB DEPORTIVO ACD NEKO","CNR"
"2024-02-12 09:03:33.700465","39","5.0","CASTELLANO SOTO, SHEILA MARIA","5007884","CLUB DEPORTIVO ACD NEKO","CNR"
"2024-02-12 09:03:33.700672","39","5.0","DURÁN OSEMWENGIE, GLORIA","2004132","C.D. KAJUKI","ARG"
"2024-02-12 09:03:33.700874","39","5.0","COZAR HERRERA, CLAUDIA","6005214","GIMNASIO MENTE","CNT"
"2024-02-12 09:03:33.701071","39","5.0","ANDRES LAHOZ, PAULA","2005550","SOCIEDAD DEPORTIVA SHURIYAMA","ARG"
"2024-02-12 09:03:33.701270","39","5.0","HERNÁNDEZ BAUTISTA, AINARA","5007831","CLUB DE KARATE HERMANOS ALEMAN","CNR"
"2024-02-12 09:03:33.701521","39","5.0","ATIENZA CASERO, SARA","8005293","FUJISAN - PALENCIA","CAL"
"2024-02-12 09:03:33.706290","1","2192.5","FERNANDEZ OSORIO, CARLOTA","6005128","CLUB KIME","CNT"
"2024-02-12 09:03:33.706592","2","1167.5","ESPINOSA LOPEZ, MARIA","7002225","KIDOKAN","CLM"
"2024-02-12 09:03:33.706810","3","977.5","GRAU CASTILLEJOS, NOELIA","13002822","TOT ESPORT CALVIA","BAL"
"2024-02-12 09:03:33.707026","4","967.5","ZUÑIGA GARCIA, INDIRA DEL MAR","5007778","EL TABLERO","CNR"
"2024-02-12 09:03:33.707240","5","667.5","OTERO LUENGO, DANIELA","3006013","ARENAS KARATE","AST"
"2024-02-12 09:03:33.707495","6","575.0","CAÑETE MAZON, NAIARA","3002881","GIMNASIO LINO","AST"
"2024-02-12 09:03:33.707873","7","475.0","LOBATO SANCHEZ, IONA","17012563","HIKARI KARATE CLUB","MUR"
"2024-02-12 09:03:33.708087","8","437.5","PASTORA FONDEVILA, LAURA","14002232","SANKUKAI","RIO"
"2024-02-12 09:03:33.708291","9","340.0","HERRADOR SANCHEZ, CORAL","15001535","DASAN CONTACTO","MAD"
"2024-02-12 09:03:33.708538","10","335.0","URRA BERAZA, IOSUNE","18001473","KARATE BERRIOZAR","NAV"
"2024-02-12 09:03:33.708746","11","310.0","GARCIA CAPITAN, CARMEN","1002346","C.D. KARATE FUENGIROLA","AND"
"2024-02-12 09:03:33.709033","12","307.5","BUSTAMANTE SANTERIZ, VALENTINA","18004891","A.D. SAN JUAN","NAV"
"2024-02-12 09:03:33.709240","13","240.0","LORENZO COUSO, RUTH","12002021","SAN FRANCISCO TEO","GAL"
"2024-02-12 09:03:33.709475","14","217.5","GARCIA DE GARAYO, IRANTZU","19004176","GIMNASIO FITNESS GASTEIZ","PVS"
"2024-02-12 09:03:33.709680","15","212.5","PEREZ CLARO, ALICIA","1001311","C.D. SHOTOYAMA KARATE","AND"
"2024-02-12 09:03:33.709883","15","212.5","MALDONADO Gª DEL CASTILLO, PATRICIA","7005215","KARATE ALMAGRO","CLM"
"2024-02-12 09:03:33.710092","17","207.5","ENNKHAILI ANQOUD, OLAYA","14003715","SANKUKAI","RIO"
"2024-02-12 09:03:33.710293","18","185.0","GARCIA RODRIGUEZ, CARMEN","2005195","C.D. NIZAR","ARG"
"2024-02-12 09:03:33.710553","19","180.0","SOTO FIDALGO, MARTINA","12002924","BUNKAI","GAL"
"2024-02-12 09:03:33.710759","19","180.0","SUAREZ SUAREZ, TANIA","3005957","GIMNASIO LINO","AST"
"2024-02-12 09:03:33.710958","21","175.0","GUTIERREZ JUAN, PATRICIA","5005481","GANKAKU","CNR"
"2024-02-12 09:03:33.711156","22","165.0","GARCIA JEREZ, ANDREA","7003999","C.D. KARATE TOLETVM","CLM"
"2024-02-12 09:03:33.711354","23","147.5","GAMIZ NIETO, CARLA","9005758","CLUB KIHON","CAT"
"2024-02-12 09:03:33.711588","24","130.0","DEL TORO MUÑOZ, PAULA","8005144","KYOTO SALAMANCA","CAL"
"2024-02-12 09:03:33.711789","25","125.0","FERNÁNDEZ GARCÍA, TANIA","8002397","CLUB DEPORTIVO ANANKO","CAL"
"2024-02-12 09:03:33.711990","26","115.0","HERAS ORTIZ, CARMEN MARIA","15003754","IVAN LEAL","MAD"
"2024-02-12 09:03:33.712194","27","110.0","HERVER FERNANDEZ, SANDRA","20000024","KARATE XAVI ANDORRA","AN"
"2024-02-12 09:03:33.712422","28","87.5","ÁVILA HOZ, LAURA","8005397","MASTER 10","CAL"
"2024-02-12 09:03:33.712633","29","75.0","HIGUERA REY, ESTHER","9005405","CLUB ESPORTIU MEDITERRANI","CAT"
"2024-02-12 09:03:33.712832","30","62.5","CAZORLA VELASCO, CARLA","15003753","IVAN LEAL","MAD"
"2024-02-12 09:03:33.713029","31","60.0","MARGÜELLES SERNA, LUCÍA","8005455","MASTER 10","CAL"
"2024-02-12 09:03:33.713236","32","55.0","PERNAUTE ANDRÉS, ANDREA","2005552","SOCIEDAD DEPORTIVA SHURIYAMA","ARG"
"2024-02-12 09:03:33.713515","33","45.0","SMITH, GRACE","5007775","EL TABLERO","CNR"
"2024-02-12 09:03:33.713728","34","42.5","RIVERO SAINZ, CRISTINA","6005278","KARATE ABDO","CNT"
"2024-02-12 09:03:33.713941","35","37.5","SANCHEZ CARRASCO, GEMA","15002634","KARATE ANTONIO MACHADO","MAD"
"2024-02-12 09:03:33.714147","35","37.5","AVILA HOZ, LAURA","6005564","GYAKUKAN","CNT"
"2024-02-12 09:03:33.714346","35","37.5","RODRIGUEZ BRAVO, ELISABETH","4002198","CLUB J.VIDAL","VAL"
"2024-02-12 09:03:33.714584","35","37.5","CASTRO RICO, ELENA","1005274","ASOCIACION KARATE AXARQUIA","AND"
"2024-02-12 09:03:33.714782","35","37.5","LARRAÑAGA GUTIERREZ, IRATXE","19002251","SANTA TERESA","PVS"
"2024-02-12 09:03:33.714992","40","35.0","HERNANDEZ CAMARZANA, ESTER","15001882","DASAN CONTACTO","MAD"
"2024-02-12 09:03:33.715192","41","30.0","RODRIGUEZ LILLO, ELENA","7003752","JINBUKAN","CLM"
"2024-02-12 09:03:33.715424","42","27.5","VÁZQUEZ RUMBO, SARA","12003998","ESCUELA SUPERIOR DE KÁRATE NARÓN","GAL"
"2024-02-12 09:03:33.715657","42","27.5","TEN QUILIS, MARTA","4001390","KENKYO","VAL"
"2024-02-12 09:03:33.715866","44","25.0","PACHON SANCHEZ, LUCIA","4001346","DEPORTIVO DAIMYO","VAL"
"2024-02-12 09:03:33.716069","44","25.0","MÉNDEZ RODRÍGUEZ, ALBA","5004568","GIMNASIO VISTABELLA","CNR"
"2024-02-12 09:03:33.716276","44","25.0","SANTANA SANTANA, YADIRA","5007908","GANKAKU","CNR"
"2024-02-12 09:03:33.716523","47","22.5","HERNANDEZ, KAILA","19005077","GIMNASIO FITNESS GASTEIZ","PVS"
"2024-02-12 09:03:33.716753","48","15.0","MENÉNDEZ DE ANDRES, LAURA","3006772","CLUB FEDERACIÓN ASTURIANA DE KARATE","AST"
"2024-02-12 09:03:33.716997","48","15.0","ANTON RAMON, ARIADNA","2005331","CLUB FEDERACIÓN ARAGONESA DE KARATE","ARG"
"2024-02-12 09:03:33.717237","50","12.5","BALAGUER ORUS, NOELIA","9005064","KARATE NO KACHI LES FRANQUESES","CAT"
"2024-02-12 09:03:33.717850","50","12.5","APARICIO IVARS, LAURA","4008010","KARATE MARCE","VAL"
"2024-02-12 09:03:33.718135","52","10.0","MORILLO GARCIA, MARIA DE LA LUZ","5007898","ECHEYDE","CNR"
"2024-02-12 09:03:33.718351","52","10.0","TEMPLADO GARCÍA, MIRANDA","3006254","KARATE CORVERA","AST"
"2024-02-12 09:03:33.718651","52","10.0","RUBIO SAN ANTONIO, PATRICIA","4008363","CLUB DEPORTIVO KYODAI","VAL"
"2024-02-12 09:03:33.718870","52","10.0","AKACHHIT, MALAK","2005361","C.D. NIZAR","ARG"
"2024-02-12 09:03:33.719077","52","10.0","HERNANDEZ PÉREZ, MONICA","4007897","CLUB DEPORTIVO KYODAI","VAL"
"2024-02-12 09:03:33.719296","52","10.0","MENÉNDEZ DE ANDRES, LAURA","3007001","ESCUELA DE KARATE MAGADAN","AST"
"2024-02-12 09:03:33.719589","52","10.0","TRENADO MARTINEZ, MAR","1001393","C.D. NO-KACHI","AND"
"2024-02-12 09:03:33.719807","59","5.0","GARCÍA BALDOR, CRISTINA","6001223","CLUB KIME","CNT"
"2024-02-12 09:03:33.720037","59","5.0","MAESTRO MAYORDOMO, LEIRE","6005275","KARATE ABDO","CNT"
"2024-02-12 09:03:33.720282","59","5.0","GALEANO CRUZ, NAIARA","1005872","C.D. NO-KACHI","AND"
"2024-02-12 09:03:33.720529","59","5.0","MONTES NAVARRO, ARACELI","4003980","CLUB YOSHITAKA","VAL"
"2024-02-12 09:03:33.720741","59","5.0","GONZALEZ MENENDEZ, LUCIA","3006117","GIMNASIO LINO","AST"
